pilot_pattern,pilot_density,snr_db,trial,num_pilots,nmse_oracle_perfect,nmse_oracle_support_ls,nmse_estimated_support_ls,path_recall,path_precision,power_recovery,delay_rmse_bins,doppler_rmse_bins,penalized_delay_rmse_bins,penalized_doppler_rmse_bins,ospa_distance,num_estimated,num_missed,num_false_alarms,false_alarm_rate
random,0.125,-5.0,0,112,0.0,0.16014327437204554,0.7284149207097989,0.5,0.5,0.7210853093643579,0.25321499948172227,0.10158467146857712,0.5597400450041647,0.3607765551400054,0.7600213963576614,4.0,2.0,2.0,0.5
random,0.125,-5.0,1,112,0.0,0.08888647134674725,0.3363121742466235,0.5,0.5,0.9638670979584762,0.09734022073950319,0.10898079308555544,0.5347780467509933,0.3618541234127066,0.7295039096153664,4.0,2.0,2.0,0.5
random,0.125,-5.0,2,112,0.0,0.22346890287574472,0.6681338816483848,0.5,0.5,0.5337256709464934,0.21374427271736227,0.1856890822218243,0.5514465586616142,0.3771474746411432,0.6278485093627372,4.0,2.0,2.0,0.5
random,0.125,-5.0,3,112,0.0,0.10480782742336996,0.39687470839089717,0.75,0.75,0.9044517076317949,0.23908312119361613,0.193703264244597,0.428363810480952,0.30106596608427716,0.6624025831697405,4.0,1.0,1.0,0.25
random,0.125,-5.0,4,112,0.0,0.1646092824343277,0.8400570946391195,0.25,0.25,0.057700659592097005,0.6242076392189642,0.16466345340833,0.7206134846190627,0.4407703633663331,0.864730467422319,4.0,3.0,3.0,0.75
random,0.125,-5.0,5,112,0.0,0.06553318900272852,0.46895160638815603,0.5,0.5,0.7907508714421891,0.18754291434597667,0.07150520908945986,0.5466591006840471,0.3571505249379646,0.7358602423509925,4.0,2.0,2.0,0.5
random,0.125,-5.0,6,112,0.0,0.1956688613347142,0.8338537993140971,0.0,0.0,0.0,nan,nan,0.75,0.5,0.8964623263138934,4.0,4.0,4.0,1.0
random,0.125,-5.0,7,112,0.0,0.13859932570839004,0.8265240526116688,0.5,0.5,0.8312658239041717,0.31548895632473817,0.14741226975728217,0.5753404564094518,0.3685989536576262,0.7949432574755723,4.0,2.0,2.0,0.5
random,0.125,-5.0,8,112,0.0,0.07845367134301193,0.5580576114822918,0.25,0.25,0.183417168832701,0.23466877295453692,0.26905964415392525,0.6600320888032619,0.4534294576095153,0.7800232483832769,4.0,3.0,3.0,0.75
random,0.125,-5.0,9,112,0.0,0.08097217362255932,0.2682019362834805,1.0,1.0,1.0,0.24829597317338242,0.08657911970834245,0.24829597317338242,0.08657911970834245,0.37361123995803813,4.0,0.0,0.0,0.0
random,0.125,-5.0,10,112,0.0,0.16219184604833273,0.5436432485094898,0.5,0.5,0.8700346344972006,0.24490509604164004,0.20337512072602507,0.5578882083657822,0.3816814376743551,0.7975193458944481,4.0,2.0,2.0,0.5
random,0.125,-5.0,11,112,0.0,0.050158310227162654,0.37203676132069635,0.5,0.5,0.9117780121749918,0.1020162229910762,0.1437046142782395,0.5352136534849261,0.36786615511953363,0.7419925702678607,4.0,2.0,2.0,0.5
random,0.125,-5.0,12,112,0.0,0.060230285718283115,0.6881589183638268,0.75,0.75,0.9504583134026817,0.3055126988342306,0.2774797434251616,0.458942814369864,0.34676541928005183,0.7780974893284136,4.0,1.0,1.0,0.25
random,0.125,-5.0,13,112,0.0,0.10077581447006033,0.6879456153254471,0.5,0.5,0.7789968029284781,0.29645880894738896,0.09439282360584693,0.5702577598781556,0.35979855832693697,0.7719731353910328,4.0,2.0,2.0,0.5
random,0.125,-5.0,14,112,0.0,0.11839436606955407,0.44255459303367295,0.75,0.75,0.9269951295738514,0.24838319532450837,0.14703238547619082,0.4323143055575534,0.28055996112081705,0.6301702278717562,4.0,1.0,1.0,0.25
random,0.125,-5.0,15,112,0.0,0.10271558532369228,1.160650676671138,0.25,0.25,0.3050032614645501,0.2328226615158524,0.04220073842432104,0.65986862171862,0.433526499283365,0.8808363253038634,4.0,3.0,3.0,0.75
random,0.125,-5.0,16,112,0.0,0.153211376557875,0.7308635470257037,0.5,0.5,0.8276024747930568,0.23491108309143172,0.17606810221505775,0.5557351963656745,0.3748332806846345,0.7816979606237903,4.0,2.0,2.0,0.5
random,0.125,-5.0,17,112,0.0,0.08354596132269465,0.41585484112634863,0.5,0.5,0.9409258465730159,0.139042575978271,0.11194797013463612,0.5393666832196226,0.3623067402197104,0.7363758828650973,4.0,2.0,2.0,0.5
random,0.125,-5.0,18,112,0.0,0.0854147025201307,0.38283810183625866,0.5,0.5,0.8895138048097255,0.1669763023800562,0.03832729312282473,0.5433144050899608,0.3545905958976654,0.7264441822725222,4.0,2.0,2.0,0.5
random,0.125,-5.0,19,112,0.0,0.04152611078167536,0.6567556223585855,0.5,0.5,0.8783205529735307,0.24687689339114016,0.13633386807191483,0.5583225772304307,0.36646072339573466,0.7689928643236185,4.0,2.0,2.0,0.5
random,0.125,-5.0,20,112,0.0,0.18635624050273422,0.604443204290301,0.5,0.5,0.7685554578816188,0.09609132630630392,0.21061300734893962,0.5346651021860809,0.3836390483674495,0.7726080969671348,4.0,2.0,2.0,0.5
random,0.125,-5.0,21,112,0.0,0.053863322594789896,0.6260381427833186,0.25,0.25,0.24313034018957017,0.004532611696729916,0.14792455417572725,0.6495230066304029,0.4392839838100428,0.724126637071143,4.0,3.0,3.0,0.75
random,0.125,-5.0,22,112,0.0,0.09951650689997857,0.5511468390629551,0.5,0.5,0.870971703813181,0.18642898975327854,0.18140338253901273,0.5464685572932939,0.3761031688224624,0.7724690224139261,4.0,2.0,2.0,0.5
random,0.125,-5.0,23,112,0.0,0.10990336432717807,1.1435835857923473,0.5,0.5,0.35763669858034225,0.08705584391913243,0.06462227981774356,0.5338907753279093,0.35649406660479127,0.7176968148616446,4.0,2.0,2.0,0.5
random,0.125,-5.0,24,112,0.0,0.12295812760111564,0.7294959614102139,0.25,0.25,0.0962570133105147,0.5083330717635928,0.16207295627216656,0.6974780483729596,0.44053026092278824,0.8209420068896263,4.0,3.0,3.0,0.75
random,0.125,-5.0,25,112,0.0,0.0796423842792358,0.36866982650348784,0.25,0.25,0.4226970987088547,0.1504558248578025,0.04978335367879616,0.6538610240780608,0.4337275591611363,0.5965369543493427,4.0,3.0,3.0,0.75
random,0.125,-5.0,26,112,0.0,0.09168897314225313,0.35638101640830766,0.75,0.75,0.8823189149582986,0.17434444281362782,0.13402321342708587,0.4042548559448554,0.2756295816907025,0.5868685073040574,4.0,1.0,1.0,0.25
random,0.125,-5.0,27,112,0.0,0.1838505521501271,0.5304350156195207,0.5,0.5,0.8665982181951456,0.1726956714902049,0.10137395611456886,0.5442075867495109,0.360746918890736,0.739637342157279,4.0,2.0,2.0,0.5
random,0.125,-5.0,28,112,0.0,0.11719199680590126,0.40918184784959577,0.75,0.75,0.9492545186466683,0.13843616892906893,0.10691943058918592,0.39369839935008405,0.2665967431874156,0.5566399713784704,4.0,1.0,1.0,0.25
random,0.125,-5.0,29,112,0.0,0.13094199803656847,1.0135240939698125,0.25,0.25,0.19935228486739942,0.1121359228536114,0.1407380318902094,0.6519345184131284,0.4386932851151045,0.7957801441741776,4.0,3.0,3.0,0.75
random,0.125,-5.0,30,112,0.0,0.1462824931297111,0.2540080942261769,0.75,0.75,0.9526773746481751,0.15122195640184663,0.13641263493012667,0.3972103473897697,0.2765073330427875,0.5799275768315754,4.0,1.0,1.0,0.25
random,0.125,-5.0,31,112,0.0,0.11458763003957337,0.7991010120499832,0.75,0.75,0.9528905903708227,0.4016663438802095,0.21381125236186083,0.5114947593617857,0.3111051891682466,0.7523859326319203,4.0,1.0,1.0,0.25
random,0.125,-5.0,32,112,0.0,0.16880877192417826,0.5175935367166583,0.25,0.25,0.41533811221642813,0.32334331006576456,0.0644675978722189,0.6693375262459675,0.43421079879921637,0.7501903538834885,4.0,3.0,3.0,0.75
random,0.125,-5.0,33,112,0.0,0.1547475297700046,0.7240335507775613,0.75,0.75,0.9504470688130033,0.31179316793895057,0.16079910741754608,0.4620998103008212,0.2861682454600958,0.6761575493946517,4.0,1.0,1.0,0.25
random,0.125,-5.0,34,112,0.0,0.10856605899089158,0.3987405032723664,0.5,0.5,0.9532691396307057,0.12288107824266221,0.11934637734706359,0.537401041769589,0.36348559654123,0.7361447710324869,4.0,2.0,2.0,0.5
random,0.125,-5.0,35,112,0.0,0.1894377876795882,0.8509355042856963,0.5,0.5,0.6510953441050396,0.24697646614967675,0.060416534422984586,0.5583445955822365,0.35612508872001963,0.7493465179759825,4.0,2.0,2.0,0.5
random,0.125,-5.0,36,112,0.0,0.0681981434942231,0.5068760323441356,0.5,0.5,0.852579980637705,0.04819163196777376,0.08771721160550508,0.5314237637665996,0.358952858472979,0.7193420630414796,4.0,2.0,2.0,0.5
random,0.125,-5.0,37,112,0.0,0.046399926927004564,0.4145893803265626,0.75,0.75,0.9168921413588682,0.2739102986119421,0.05123213874608961,0.443728676968553,0.2539065753980663,0.5982557967701386,4.0,1.0,1.0,0.25
random,0.125,-5.0,38,112,0.0,0.0408298485114535,0.36569915692143956,0.5,0.5,0.8323238748432029,0.2932109188718694,0.1808991674352806,0.5694175282451736,0.3759817208181654,0.8011673636765212,4.0,2.0,2.0,0.5
random,0.125,-5.0,39,112,0.0,0.06313965259537073,0.3630629199084264,0.5,0.5,0.5464185037877615,0.23284554045523395,0.04808343904992479,0.5553003897485981,0.35518447116313223,0.5820941472166798,4.0,2.0,2.0,0.5
random,0.125,-5.0,40,112,0.0,0.1272320883578427,0.8967720749336889,0.5,0.5,0.8938724498198435,0.4065067476458743,0.24859116360266797,0.6032195851767524,0.3948401997145987,0.8777710462198445,4.0,2.0,2.0,0.5
random,0.125,-5.0,41,112,0.0,0.12965945255339537,0.5338338871842012,0.5,0.5,0.9163178438069192,0.10535465077686004,0.21576864158326076,0.5355369279705715,0.38506889428431224,0.7765169197523326,4.0,2.0,2.0,0.5
random,0.125,-5.0,42,112,0.0,0.11346293972531278,0.43430505600319597,0.5,0.5,0.8386644133388275,0.3054914582759353,0.15500594761850287,0.5726364601907381,0.3701532411023238,0.6394011699476169,4.0,2.0,2.0,0.5
random,0.125,-5.0,43,112,0.0,0.04799676494129239,0.5602663530807999,0.25,0.25,0.8977828849601903,0.25133086203202737,0.08676154914850276,0.6615639051160821,0.4351802978107603,0.8863418519419443,4.0,3.0,3.0,0.75
random,0.125,-5.0,44,112,0.0,0.1320598711762325,0.38478450496740546,0.75,0.75,0.9629304373039789,0.19949058620348356,0.04764107468827587,0.4128829985454198,0.2533816370577995,0.5566605859684826,4.0,1.0,1.0,0.25
random,0.125,-5.0,45,112,0.0,0.13739066687943663,0.9173030673655467,0.5,0.5,0.5826262572401142,0.15810957097159664,0.10951190416339229,0.5419864557499673,0.3619342876500457,0.7390579980417591,4.0,2.0,2.0,0.5
random,0.125,-5.0,46,112,0.0,0.07656765626823563,0.7747868889798449,0.25,0.25,0.5561813568998345,0.10465737903422401,0.07063676190946211,0.6516235813309539,0.43445067387824765,0.7739634234764797,4.0,3.0,3.0,0.75
random,0.125,-5.0,47,112,0.0,0.05292367346257001,0.41112264738604043,0.5,0.5,0.8735772817156637,0.24421616838990942,0.09415068255389505,0.557737185824582,0.35976683492601447,0.7554756127897877,4.0,2.0,2.0,0.5
random,0.125,-5.0,48,112,0.0,0.09238262936618334,0.5132195311989259,0.75,0.75,0.8971857369915033,0.26813467135218566,0.08776986209705914,0.4410749953078937,0.2612999455021041,0.6074308592087962,4.0,1.0,1.0,0.25
random,0.125,-5.0,49,112,0.0,0.1925757405916713,0.6444047692422842,0.75,0.75,0.8362804007090516,0.4052141275673834,0.20356439513544616,0.5135892005145228,0.3059065988584506,0.7115782943478478,4.0,1.0,1.0,0.25
random,0.125,0.0,0,112,0.0,0.02931437020536847,0.2883817618960192,0.75,0.75,0.7837099813896911,0.059546956145215615,0.1168200305768138,0.37852923267512667,0.2696946229682301,0.5437541220810347,4.0,1.0,1.0,0.25
random,0.125,0.0,1,112,0.0,0.028621906393827428,0.16448730297469694,0.75,0.75,0.9872296518113545,0.13655269207054285,0.14258881899338735,0.39320475363833585,0.2788345001545661,0.5795316190868309,4.0,1.0,1.0,0.25
random,0.125,0.0,2,112,0.0,0.03297924693922998,0.22925428994075492,0.5,0.5,0.661097682612115,0.4574484034191029,0.052095930214962914,0.6211920161233104,0.35546728818905565,0.7358759205312405,4.0,2.0,2.0,0.5
random,0.125,0.0,3,112,0.0,0.0474912427924499,0.26712153255124654,1.0,1.0,1.0,0.23059820295946126,0.18379363131520704,0.23059820295946126,0.18379363131520704,0.47922298917254413,4.0,0.0,0.0,0.0
random,0.125,0.0,4,112,0.0,0.02278013817001223,0.3784121767219009,0.75,0.75,0.9778859823833992,0.2873179315590718,0.18068815219695109,0.45004299277573206,0.2949341558013609,0.6767668850942867,4.0,1.0,1.0,0.25
random,0.125,0.0,5,112,0.0,0.06949851404389952,0.2153316405922243,0.5,0.5,0.5591765466575731,0.34142467200128157,0.282769341298871,0.5826966649343305,0.4061763781773857,0.7343736942308337,4.0,2.0,2.0,0.5
random,0.125,0.0,6,112,0.0,0.03800386288937302,0.2125524228312816,1.0,1.0,1.0,0.18034031170625853,0.1692823544954239,0.18034031170625853,0.1692823544954239,0.4152638529346912,4.0,0.0,0.0,0.0
random,0.125,0.0,7,112,0.0,0.012180833801703726,0.17434216986752982,1.0,1.0,1.0,0.19710446618999095,0.10583419321650471,0.19710446618999095,0.10583419321650471,0.3374469969588718,4.0,0.0,0.0,0.0
random,0.125,0.0,8,112,0.0,0.03273927062462999,0.27339113083321764,0.5,0.5,0.3017568694063729,0.313597737903423,0.07144945285413985,0.5748232516252905,0.3571449455845315,0.6101162099009474,4.0,2.0,2.0,0.5
random,0.125,0.0,9,112,0.0,0.04099191979500576,0.10025044899821983,1.0,1.0,1.0,0.09119541837347449,0.09596516530113319,0.09119541837347449,0.09596516530113319,0.22720547126698312,4.0,0.0,0.0,0.0
random,0.125,0.0,10,112,0.0,0.030994055267210285,0.27972905939353976,0.5,0.5,0.8911694363648744,0.10011189515426837,0.18894385106889888,0.5350338267583552,0.3779548775030865,0.7617797255136207,4.0,2.0,2.0,0.5
random,0.125,0.0,11,112,0.0,0.03997830156972764,0.15321868645996403,0.75,0.75,0.9681174231898676,0.1849929785195433,0.14793178658720652,0.4077889179172837,0.28091432877687483,0.6010668098617308,4.0,1.0,1.0,0.25
random,0.125,0.0,12,112,0.0,0.07744970171875953,0.2871334871035912,0.75,0.75,0.9553186406620718,0.26029740709749444,0.08476893611902406,0.4375397754561967,0.2605558086054951,0.6015787322657707,4.0,1.0,1.0,0.25
random,0.125,0.0,13,112,0.0,0.018038367192949576,0.10136954783573936,1.0,1.0,1.0,0.1892469564195083,0.10663974222376389,0.1892469564195083,0.10663974222376389,0.330390982961532,4.0,0.0,0.0,0.0
random,0.125,0.0,14,112,0.0,0.022534951649968722,0.2466405911152282,0.5,0.5,0.960053313613461,0.1895954624326369,0.12502139483832087,0.5470129977317931,0.3644381629078651,0.7504752420235026,4.0,2.0,2.0,0.5
random,0.125,0.0,15,112,0.0,0.0680292494313368,0.2649118569047503,0.5,0.5,0.8793429780805648,0.12459879632224966,0.12075236013081048,0.537598763040315,0.3637177012994838,0.7368596477958582,4.0,2.0,2.0,0.5
random,0.125,0.0,16,112,0.0,0.06684674841341277,0.4081021776815147,0.5,0.5,0.7255447408441815,0.17417121330453483,0.08301702485166183,0.544442656091518,0.3583935172510947,0.73535613199968,4.0,2.0,2.0,0.5
random,0.125,0.0,17,112,0.0,0.026688765904666817,0.22620084285244255,0.5,0.5,0.6190785727747515,0.0581983696553461,0.19318349385387706,0.531924360332623,0.3790249743074927,0.5958900814752153,4.0,2.0,2.0,0.5
random,0.125,0.0,18,112,0.0,0.05139504551110089,0.135982532493991,0.75,0.75,0.9756822984029727,0.21984579727563394,0.21617394938096693,0.4205640628189947,0.3123273639840474,0.6742673272616534,4.0,1.0,1.0,0.25
random,0.125,0.0,19,112,0.0,0.02472957772494131,0.21056282537435456,0.5,0.5,0.8947144125788205,0.29205369819822014,0.07285896071605459,0.569120093930647,0.35728729907220574,0.7657904128610648,4.0,2.0,2.0,0.5
random,0.125,0.0,20,112,0.0,0.03968079833307131,0.2774340745541094,0.5,0.5,0.21000945397785614,0.21814346552402034,0.07537039796266573,0.5523072385687288,0.3575476869517202,0.5698780265961858,4.0,2.0,2.0,0.5
random,0.125,0.0,21,112,0.0,0.03000830269499342,0.2359332384073548,0.5,0.5,0.9037069568159065,0.16754309417584912,0.14466571726992217,0.5434016417006934,0.36805445911795515,0.7528665635648945,4.0,2.0,2.0,0.5
random,0.125,0.0,22,112,0.0,0.12011429642528382,0.32481340788532265,0.5,0.5,0.8981722649607473,0.1780395954202186,0.019721447395627888,0.5450679304166569,0.35382830263234916,0.7272922092767554,4.0,2.0,2.0,0.5
random,0.125,0.0,23,112,0.0,0.020990401793902658,0.1845645178024755,0.5,0.5,0.878443604551703,0.10550463209059904,0.14590639857630544,0.5355516909657614,0.36829925138771846,0.7432844533823971,4.0,2.0,2.0,0.5
random,0.125,0.0,24,112,0.0,0.020084278579704996,0.19744091795743096,1.0,1.0,1.0,0.13214731954635286,0.20084119068937964,0.13214731954635286,0.20084119068937964,0.4386273088478005,4.0,0.0,0.0,0.0
random,0.125,0.0,25,112,0.0,0.01845449386370244,0.21234771232911104,0.75,0.75,0.9323642870013474,0.15773832622834882,0.18433421883785747,0.3991065455125871,0.2966215234535794,0.620574319040127,4.0,1.0,1.0,0.25
random,0.125,0.0,26,112,0.0,0.015678545417185972,0.20154828974146013,0.75,0.75,0.917779607593822,0.13785686113698456,0.12271980127559609,0.39354591297827807,0.2716525579096235,0.56614468211941,4.0,1.0,1.0,0.25
random,0.125,0.0,27,112,0.0,0.029885562991150118,0.24182498925417031,1.0,1.0,1.0,0.27628922188392047,0.16335314608440424,0.27628922188392047,0.16335314608440424,0.492387015596446,4.0,0.0,0.0,0.0
random,0.125,0.0,28,112,0.0,0.026048158104613497,0.22578244579525172,0.25,0.25,0.8326631489181635,0.06213387690392391,0.011156381022757067,0.6502616047905473,0.433048630305398,0.8310841076869929,4.0,3.0,3.0,0.75
random,0.125,0.0,29,112,0.0,0.02293274368249897,0.20329627258586397,1.0,1.0,1.0,0.19718782802878593,0.19927721320980893,0.19718782802878593,0.19927721320980893,0.47746312361752047,4.0,0.0,0.0,0.0
random,0.125,0.0,30,112,0.0,0.01822450461691893,0.3609392148022589,0.5,0.5,0.7905581420256697,0.0900443526896645,0.0780393497258036,0.5341385519934414,0.3578338581699797,0.7206853532507695,4.0,2.0,2.0,0.5
random,0.125,0.0,31,112,0.0,0.0468930364876942,0.15586828754400092,0.5,0.5,0.5660739678812122,0.20271188161893605,0.06540469957910436,0.5493596758725059,0.35656540404744325,0.5616261540861213,4.0,2.0,2.0,0.5
random,0.125,0.0,32,112,0.0,0.04803030330640944,0.16655617578272852,0.5,0.5,0.9535690988271358,0.12321124349418443,0.06648335184642555,0.5374388386241653,0.3566651343156039,0.7227269911396779,4.0,2.0,2.0,0.5
random,0.125,0.0,33,112,0.0,0.009260497027022231,0.17890704481543485,0.75,0.75,0.9502423962997566,0.15332702241014137,0.09540255322478863,0.39781513527123374,0.2632987568739292,0.5555632360229626,4.0,1.0,1.0,0.25
random,0.125,0.0,34,112,0.0,0.033322451195093444,0.25878899425505936,0.5,0.5,0.36361988314317895,0.14972419728130812,0.08304486928285523,0.5407944781761054,0.3583967426708887,0.7305610315723096,4.0,2.0,2.0,0.5
random,0.125,0.0,35,112,0.0,0.050856467752512444,0.30474381079419366,0.25,0.25,0.8953798361619677,0.1988914422166514,0.035823259205870484,0.6570878567183804,0.43338300206057084,0.8768492190317467,4.0,3.0,3.0,0.75
random,0.125,0.0,36,112,0.0,0.023184783600160186,0.3100392543963575,0.75,0.75,0.8672817300099461,0.15709915181039802,0.09415735411874517,0.3989174195553008,0.26296236517985244,0.5563305492270972,4.0,1.0,1.0,0.25
random,0.125,0.0,37,112,0.0,0.0462246872152839,0.31560209465704375,0.75,0.75,0.9859474265091772,0.24326309039698807,0.12236904731441033,0.4301252124232197,0.2715338612502634,0.6114124026284551,4.0,1.0,1.0,0.25
random,0.125,0.0,38,112,0.0,0.014817645373387036,0.2369476812226426,0.75,0.75,0.9848079639619203,0.16400252785919514,0.22934437630081347,0.40099578783093787,0.3192947419009697,0.6660772985783024,4.0,1.0,1.0,0.25
random,0.125,0.0,39,112,0.0,0.03181584931272936,0.07863477892618012,0.5,0.5,0.8923250533452856,0.07956950840465504,0.050503369020070625,0.5333063409841282,0.3553523535045022,0.56737735490755,4.0,2.0,2.0,0.5
random,0.125,0.0,40,112,0.0,0.08998080509265875,0.18016777801284622,0.75,0.75,0.9526410513051543,0.30469977891321615,0.13819197713894182,0.45853731195217046,0.2771692026708187,0.6565670882169825,4.0,1.0,1.0,0.25
random,0.125,0.0,41,112,0.0,0.0475756276367879,0.27688083572233474,0.75,0.75,0.9501183936510651,0.2313030067082447,0.17236868774660263,0.42514798680483684,0.29117558858292764,0.6406775070939799,4.0,1.0,1.0,0.25
random,0.125,0.0,42,112,0.0,0.02113840637467419,0.16415519734419265,0.5,0.5,0.9185492362571042,0.0752926995408619,0.12770734176020032,0.5329957741878215,0.36490352501685747,0.7332512755107612,4.0,2.0,2.0,0.5
random,0.125,0.0,43,112,0.0,0.017432804943757586,0.2168097714887592,1.0,1.0,1.0,0.3159888069595957,0.1617289082507503,0.3159888069595957,0.1617289082507503,0.531163026813514,4.0,0.0,0.0,0.0
random,0.125,0.0,44,112,0.0,0.032390795940331285,0.4016111871780584,0.75,0.75,0.8249929842710576,0.23090472511533816,0.15816709642633492,0.4249855810029823,0.2850659972602014,0.6293963885739514,4.0,1.0,1.0,0.25
random,0.125,0.0,45,112,0.0,0.024305504285342405,0.30633148874133637,0.5,0.5,0.7435937222651335,0.26285727005483095,0.15463849792700188,0.5619581587719313,0.3700763874128687,0.6068576761215704,4.0,2.0,2.0,0.5
random,0.125,0.0,46,112,0.0,0.02627212813836416,0.30981483334338594,0.75,0.75,0.912679148948077,0.20582845528861263,0.15602425260285152,0.4152096033991414,0.28417894987174686,0.6160501923892489,4.0,1.0,1.0,0.25
random,0.125,0.0,47,112,0.0,0.061735807510773774,0.2613345558535972,0.5,0.5,0.8960071837625881,0.25607424675160667,0.07131868063925685,0.5603900515932643,0.3571318763483066,0.7539633453027821,4.0,2.0,2.0,0.5
random,0.125,0.0,48,112,0.0,0.0493146895822786,0.28272020279957155,0.75,0.75,0.9550184796385754,0.13179854642366215,0.1754603761568569,0.3919861510685584,0.2925572725139973,0.6045826438592473,4.0,1.0,1.0,0.25
random,0.125,0.0,49,112,0.0,0.05827929774978993,0.2671224181951268,0.75,0.75,0.9847226187365784,0.16288813373224306,0.08932142299663759,0.40065497386539434,0.2616939767258853,0.5561579589464342,4.0,1.0,1.0,0.25
random,0.125,5.0,0,112,0.0,0.011293948669413967,0.15403107145215122,0.75,0.75,0.9343757147834428,0.14683101856674027,0.0938393547386189,0.3959728665073023,0.262877097468228,0.5524158495593782,4.0,1.0,1.0,0.25
random,0.125,5.0,1,112,0.0,0.010726740965996726,0.19077581766525187,1.0,1.0,1.0,0.20690268934604514,0.14410456646157346,0.20690268934604514,0.14410456646157346,0.3989597730265864,4.0,0.0,0.0,0.0
random,0.125,5.0,2,112,0.0,0.008334736068713123,0.11669355438332055,0.5,0.5,0.9195116525207325,0.2132260851097246,0.15819512052608564,0.5513462448277033,0.3708272482964694,0.7684172360420466,4.0,2.0,2.0,0.5
random,0.125,5.0,3,112,0.0,0.0033689754864985643,0.22920318098441275,0.75,0.75,0.8840033464124187,0.1332255445392679,0.10437499832651093,0.39234778486482924,0.26583943501057994,0.5534869602053483,4.0,1.0,1.0,0.25
random,0.125,5.0,4,112,0.0,0.0024634850946469687,0.23911237518283113,0.5,0.5,0.7543914530687081,0.09312866600632257,0.10152488127389572,0.5344029137421115,0.36076813988882017,0.6247258722540613,4.0,2.0,2.0,0.5
random,0.125,5.0,5,112,0.0,0.01864010840354603,0.21640441479128641,1.0,1.0,1.0,0.18779214455933138,0.12918009640683686,0.18779214455933138,0.12918009640683686,0.35978452440431496,4.0,0.0,0.0,0.0
random,0.125,5.0,6,112,0.0,0.005661268387592263,0.1858453357660039,0.5,0.5,0.8690291087709335,0.11192151678150045,0.09517360653172237,0.5362025857447312,0.3599013860630819,0.7274961385307191,4.0,2.0,2.0,0.5
random,0.125,5.0,7,112,0.0,0.009739040885063992,0.18241910515979318,0.5,0.5,0.9517806139600203,0.18569896711299097,0.12495978466177105,0.5463442625244781,0.36442759759842297,0.7495881766516528,4.0,2.0,2.0,0.5
random,0.125,5.0,8,112,0.0,0.01731809858052795,0.14337351123599174,0.75,0.75,0.9596700351027861,0.14276691603247604,0.062485649616979916,0.39485667556097875,0.25578964464192444,0.5374847833276151,4.0,1.0,1.0,0.25
random,0.125,5.0,9,112,0.0,0.005992602362633924,0.33986984964002337,0.25,0.25,0.05070008987578884,0.2299063982266727,0.08770945868454927,0.6596129455873273,0.435227799302485,0.7491617498809741,4.0,3.0,3.0,0.75
random,0.125,5.0,10,112,0.0,0.009197217520761749,0.16257306205817815,0.5,0.5,0.868024394017833,0.07796661088362536,0.061494223802398267,0.5331879557963958,0.35621730696378257,0.7162167619901192,4.0,2.0,2.0,0.5
random,0.125,5.0,11,112,0.0,0.015522304256367078,0.25181909672831265,0.75,0.75,0.9265446688814484,0.20210917074645973,0.15825501876294337,0.41383703033303604,0.2851025924518132,0.616115337219751,4.0,1.0,1.0,0.25
random,0.125,5.0,12,112,0.0,0.005175630474254293,0.071512784126193,0.75,0.75,0.9906753061055018,0.1183146980583357,0.019566867529407235,0.38874641584518355,0.25057363534235805,0.5194353446614766,4.0,1.0,1.0,0.25
random,0.125,5.0,13,112,0.0,0.021525586054411277,0.14462685067331807,0.75,0.75,0.993429672728797,0.23770951205574975,0.13300368032768375,0.4277900876496988,0.2752589403371515,0.6151512169956015,4.0,1.0,1.0,0.25
random,0.125,5.0,14,112,0.0,0.013020621990527663,0.1195406774813635,0.5,0.5,0.6836404378952438,0.14316694673327576,0.08495519754493279,0.5399059059859082,0.3586205415128214,0.5593905108181818,4.0,2.0,2.0,0.5
random,0.125,5.0,15,112,0.0,0.007751688500913202,0.2539054879166766,0.75,0.75,0.8483571551405553,0.15321570622818234,0.16607955397132096,0.3977829678056245,0.28842124347121983,0.6033633440323829,4.0,1.0,1.0,0.25
random,0.125,5.0,16,112,0.0,0.009723182245835446,0.10876644784172058,0.75,0.75,0.9909428170987662,0.2141226518759094,0.08152046986175082,0.41834361777703616,0.2597771934848409,0.5753851820719211,4.0,1.0,1.0,0.25
random,0.125,5.0,17,112,0.0,0.014464350580821825,0.11075520168145266,0.75,0.75,0.9805752765649043,0.08399529089019772,0.127145725491082,0.38199006095551324,0.27317490117686544,0.5548919279651964,4.0,1.0,1.0,0.25
random,0.125,5.0,18,112,0.0,0.0029253716761900917,0.11187272444281555,1.0,1.0,1.0,0.1298768679935688,0.07487610416154855,0.1298768679935688,0.07487610416154855,0.22893947004876902,4.0,0.0,0.0,0.0
random,0.125,5.0,19,112,0.0,0.015605492413994703,0.07486860521309022,1.0,1.0,1.0,0.14714157128946315,0.06956455037056945,0.14714157128946315,0.06956455037056945,0.24051390167303008,4.0,0.0,0.0,0.0
random,0.125,5.0,20,112,0.0,0.012515139558926603,0.1467241324908273,0.75,0.75,0.9732288404243069,0.14758972278682647,0.08522383608509235,0.39618435696556625,0.26066708015741846,0.5484823987521379,4.0,1.0,1.0,0.25
random,0.125,5.0,21,112,0.0,0.009562180231766939,0.21507301938352888,0.5,0.5,0.8586329311522664,0.05237093052302447,0.11800898029270443,0.5316214416122846,0.3632672015402188,0.7282102767627409,4.0,2.0,2.0,0.5
random,0.125,5.0,22,112,0.0,0.007620262155010092,0.1257906607320354,0.5,0.5,0.9064008292628685,0.059106624880860485,0.058501526652934434,0.5319744322356136,0.35596518693597273,0.7141080263759885,4.0,2.0,2.0,0.5
random,0.125,5.0,23,112,0.0,0.008849962912885855,0.11878072687580889,1.0,1.0,1.0,0.11812154600072643,0.1905286069550063,0.11812154600072643,0.1905286069550063,0.4123219611109448,4.0,0.0,0.0,0.0
random,0.125,5.0,24,112,0.0,0.008272752411924713,0.1352456762875078,1.0,1.0,1.0,0.22526930139679183,0.09853923993192427,0.22526930139679183,0.09853923993192427,0.3592429502065246,4.0,0.0,0.0,0.0
random,0.125,5.0,25,112,0.0,0.007706021268199899,0.10378519429728016,0.75,0.75,0.9734170285248726,0.08265462529680817,0.1534935310341258,0.3817706645516609,0.2831434231127276,0.5742733161587028,4.0,1.0,1.0,0.25
random,0.125,5.0,26,112,0.0,0.012362068033664525,0.1752282451155836,0.5,0.5,0.9292250428512799,0.24343544332651193,0.06440465771223931,0.557566505032169,0.35647437491005624,0.7489807740724248,4.0,2.0,2.0,0.5
random,0.125,5.0,27,112,0.0,0.01149503683196592,0.09579168419046526,1.0,1.0,1.0,0.18829842581430237,0.13384889774043746,0.18829842581430237,0.13384889774043746,0.3670088921075639,4.0,0.0,0.0,0.0
random,0.125,5.0,28,112,0.0,0.014610345066575794,0.1464982878812064,0.5,0.5,0.9083809037713532,0.12072506142594931,0.052155032996641655,0.5371566533406709,0.35547162155851536,0.7199968347194503,4.0,2.0,2.0,0.5
random,0.125,5.0,29,112,0.0,0.011072145707586746,0.19126918358635686,0.25,0.25,0.8034301075261343,0.011510902937013512,0.0409816188580141,0.6495445521452753,0.43349725866613725,0.852421165958297,4.0,3.0,3.0,0.75
random,0.125,5.0,30,112,0.0,0.00812429308914091,0.10053745680144789,0.75,0.75,0.939263442580211,0.06714500570377113,0.16430408801125138,0.37948167128758614,0.28765756552350014,0.5805159507423028,4.0,1.0,1.0,0.25
random,0.125,5.0,31,112,0.0,0.014984523882338988,0.2990355191999706,0.75,0.75,0.8602292475260158,0.3979901532575837,0.28748625957615115,0.5093349797211029,0.3528261074294455,0.7229045845989069,4.0,1.0,1.0,0.25
random,0.125,5.0,32,112,0.0,0.004545331402702923,0.20549999000949062,1.0,1.0,1.0,0.2514351328012225,0.17278625678965479,0.2514351328012225,0.17278625678965479,0.4814673492312609,4.0,0.0,0.0,0.0
random,0.125,5.0,33,112,0.0,0.014739743068538144,0.3464667951297705,0.5,0.5,0.4220685528592942,0.17040066099176843,0.18083840956015504,0.543845743417392,0.37596710652146575,0.6466067583571176,4.0,2.0,2.0,0.5
random,0.125,5.0,34,112,0.0,0.018426419179945044,0.13113896346714762,1.0,1.0,1.0,0.15800905472260968,0.03542685067033116,0.15800905472260968,0.03542685067033116,0.22227410628730188,4.0,0.0,0.0,0.0
random,0.125,5.0,35,112,0.0,0.005842938020259326,0.09547928564825224,0.75,0.75,0.9826947234133827,0.15652416705694697,0.056351849801834934,0.398747866645896,0.2547187630153429,0.5405488070089142,4.0,1.0,1.0,0.25
random,0.125,5.0,36,112,0.0,0.014044404618658341,0.16420248719444608,0.5,0.5,0.9433635372491856,0.09059249948511112,0.14256393691128294,0.53418489353545,0.36764417315363795,0.7402324392934722,4.0,2.0,2.0,0.5
random,0.125,5.0,37,112,0.0,0.003998394459333106,0.06347376711076617,0.75,0.75,0.9873970574790745,0.17087956787004363,0.10250341307449631,0.40314373371862006,0.2652926916990753,0.5660865228593885,4.0,1.0,1.0,0.25
random,0.125,5.0,38,112,0.0,0.01668268525960643,0.1304422127291855,0.5,0.5,0.8892915803653553,0.05408882083072791,0.07418286196250277,0.5317074386064476,0.3574234862239384,0.7166636085571908,4.0,2.0,2.0,0.5
random,0.125,5.0,39,112,0.0,0.007441036403271928,0.22873887225012313,0.5,0.5,0.8428880758266288,0.1301561678834689,0.1416486838853075,0.538256736157621,0.3674672431975671,0.7451087406055273,4.0,2.0,2.0,0.5
random,0.125,5.0,40,112,0.0,0.020380481575456962,0.28322497062956137,1.0,1.0,1.0,0.30006412087566914,0.12437792418074327,0.30006412087566914,0.12437792418074327,0.4711134417569363,4.0,0.0,0.0,0.0
random,0.125,5.0,41,112,0.0,0.009843301860979727,0.10356105336577963,0.75,0.75,0.975761816145583,0.08582973427947001,0.1655773071206414,0.3822957722299101,0.28820458614496824,0.5848673852096292,4.0,1.0,1.0,0.25
random,0.125,5.0,42,112,0.0,0.024614394660586503,0.07596185784119538,1.0,1.0,1.0,0.10652571698076392,0.0687706719111153,0.10652571698076392,0.0687706719111153,0.19771535246298996,4.0,0.0,0.0,0.0
random,0.125,5.0,43,112,0.0,0.011159422194795156,0.08351243284691837,0.5,0.5,0.9734508099667217,0.04200928239821547,0.10162501816265822,0.5311613595733471,0.36078223647829494,0.7226506637341752,4.0,2.0,2.0,0.5
random,0.125,5.0,44,112,0.0,0.01495613926476339,0.11938429638846149,0.75,0.75,0.9845987918779493,0.12401486202064133,0.17061836463615862,0.3900766136305778,0.29040139421727623,0.598195726377259,4.0,1.0,1.0,0.25
random,0.125,5.0,45,112,0.0,0.007640234992027043,0.2626405568269429,0.5,0.5,0.9209288636344198,0.2056075581851981,0.04656452497220992,0.5498974758911336,0.35508326839340626,0.7361479571699197,4.0,2.0,2.0,0.5
random,0.125,5.0,46,112,0.0,0.011726440697749443,0.1540548372377452,0.75,0.75,0.9464415215341646,0.14987005044387708,0.11470383272081078,0.3968258736713594,0.269012503297956,0.565171611473835,4.0,1.0,1.0,0.25
random,0.125,5.0,47,112,0.0,0.0074074561052223445,0.1792478082020866,0.75,0.75,0.9153053379651925,0.18556837837537227,0.10025652907110237,0.4079849473812104,0.2646479335193052,0.5710238864834304,4.0,1.0,1.0,0.25
random,0.125,5.0,48,112,0.0,0.009811869247276053,0.31506987207991904,0.75,0.75,0.8243512462470095,0.19972141097115206,0.12250712536840366,0.41296668328114666,0.27158055310445617,0.5900922328742346,4.0,1.0,1.0,0.25
random,0.125,5.0,49,112,0.0,0.017352445387872187,0.16989829176219626,0.25,0.25,0.08465997319424731,0.24125399797534341,0.15323428770540115,0.6606253650025646,0.4397387710131384,0.7441824417233619,4.0,3.0,3.0,0.75
random,0.125,10.0,0,112,0.0,0.0032069742314185636,0.04041632037004798,0.75,0.75,0.9916626392960033,0.12449184989043416,0.051470308283112366,0.3901905502659653,0.2539426991982029,0.5278369749804058,4.0,1.0,1.0,0.25
random,0.125,10.0,1,112,0.0,0.004351358575546863,0.22175036157550673,0.5,0.5,0.4820179298244811,0.2602804242913587,0.09480560447899797,0.5613581295702814,0.35985281896952553,0.6180037342614499,4.0,2.0,2.0,0.5
random,0.125,10.0,2,112,0.0,0.0025196821451978417,0.13177532655777913,0.75,0.75,0.9720990411775076,0.12363625725857516,0.12789884860142844,0.38998646525447705,0.273438451219243,0.5652040149945193,4.0,1.0,1.0,0.25
random,0.125,10.0,3,112,0.0,0.0064626780097212155,0.060788655962311235,0.5,0.5,0.9727219173325031,0.0728195236355262,0.11146129376642229,0.5328239310609579,0.3622317076182624,0.7277092386634745,4.0,2.0,2.0,0.5
random,0.125,10.0,4,112,0.0,0.005813587014834044,0.11066855683862335,0.5,0.5,0.21020660945834704,0.27557512117000743,0.18985599298967382,0.5649963041506839,0.37818335372811895,0.6408647667761016,4.0,2.0,2.0,0.5
random,0.125,10.0,5,112,0.0,0.0029734239779236073,0.06693519520784655,0.5,0.5,0.915858717112069,0.030030346528410277,0.04462074090680578,0.5307550384653058,0.3549584556811348,0.6025447939120059,4.0,2.0,2.0,0.5
random,0.125,10.0,6,112,0.0,0.0053730256157393805,0.17241081351619833,0.75,0.75,0.9179623520864727,0.12025824734342407,0.12198790152886897,0.3891934410297585,0.27140520645257116,0.5602908819804233,4.0,1.0,1.0,0.25
random,0.125,10.0,7,112,0.0,0.006515889642836355,0.08607496394494503,0.75,0.75,0.9856695760934978,0.2297605697458712,0.08747827591321737,0.42452024634575497,0.2612266000382843,0.5859555490679392,4.0,1.0,1.0,0.25
random,0.125,10.0,8,112,0.0,0.002175180526053504,0.1797342907383452,1.0,1.0,1.0,0.19298663646282593,0.11448538833171008,0.19298663646282593,0.11448538833171008,0.34443996715189823,4.0,0.0,0.0,0.0
random,0.125,10.0,9,112,0.0,0.002212638146566192,0.10830022165946408,1.0,1.0,1.0,0.18956851206227043,0.1893886353308419,0.18956851206227043,0.1893886353308419,0.4553667043868517,4.0,0.0,0.0,0.0
random,0.125,10.0,10,112,0.0,0.0037032481166717523,0.43262729159137997,0.5,0.5,0.6470317275103997,0.18790213715733273,0.05470158153093161,0.5467207756928087,0.3556629464970909,0.7330543741831979,4.0,2.0,2.0,0.5
random,0.125,10.0,11,112,0.0,0.0066211473407606575,0.2016897482841358,0.75,0.75,0.8776109412238923,0.18696676685255137,0.09483809687803138,0.40846349767203466,0.26314577417200746,0.5688510845567603,4.0,1.0,1.0,0.25
random,0.125,10.0,12,112,0.0,0.0052282092096002765,0.11854888136620076,0.75,0.75,0.9353018563852347,0.06867484686637623,0.14621906735934026,0.379686944658478,0.2802409886946884,0.566063918447201,4.0,1.0,1.0,0.25
random,0.125,10.0,13,112,0.0,0.0019395743687142838,0.047228273983262146,0.75,0.75,0.9884761177748366,0.12494012298594852,0.1274991051898861,0.39029799608607774,0.27329840169339853,0.5653153496780862,4.0,1.0,1.0,0.25
random,0.125,10.0,14,112,0.0,0.0036982905053810607,0.12426703312354183,1.0,1.0,1.0,0.16024352327981273,0.10224938374232494,0.16024352327981273,0.10224938374232494,0.29575243047272465,4.0,0.0,0.0,0.0
random,0.125,10.0,15,112,0.0,0.003341913789003527,0.14294273711617608,0.5,0.5,0.42965673734766113,0.15224956302589654,0.09760041041589397,0.5411468975433457,0.3602262067877287,0.5585387301240331,4.0,2.0,2.0,0.5
random,0.125,10.0,16,112,0.0,0.004312236875964457,0.13123354039966584,0.75,0.75,0.9811216372900159,0.14682972237806913,0.18381511336998432,0.395972506028153,0.29637981869117735,0.6165300297156296,4.0,1.0,1.0,0.25
random,0.125,10.0,17,112,0.0,0.005827827812806561,0.1244655581240123,0.75,0.75,0.973134499648748,0.1890670469754608,0.04770479956478144,0.40918792893854505,0.25339062912060695,0.55180525674726,4.0,1.0,1.0,0.25
random,0.125,10.0,18,112,0.0,0.0015758383159491416,0.05137272059459761,1.0,1.0,1.0,0.15060887413514748,0.03635707600875279,0.15060887413514748,0.03635707600875279,0.213571392857734,4.0,0.0,0.0,0.0
random,0.125,10.0,19,112,0.0,0.00401606885952812,0.3141512424137739,0.75,0.75,0.922993571536872,0.2993053764662262,0.1623610260225995,0.45586487173963297,0.28682891604287986,0.6697225192735567,4.0,1.0,1.0,0.25
random,0.125,10.0,20,112,0.0,0.004776213515693329,0.059786964900780226,1.0,1.0,1.0,0.08697627992780264,0.08197964951793765,0.08697627992780264,0.08197964951793765,0.20082658024173017,4.0,0.0,0.0,0.0
random,0.125,10.0,21,112,0.0,0.006577653989251334,0.26583475776974164,0.75,0.75,0.8353552887615724,0.09805448796069334,0.18905242571069716,0.38449448885117365,0.29884045032479123,0.6083108052744154,4.0,1.0,1.0,0.25
random,0.125,10.0,22,112,0.0,0.002570008624910348,0.13386150014943748,0.5,0.5,0.3277796455055444,0.17529763247578162,0.04526961049996858,0.5446233836109198,0.35499953354534064,0.5473203973559077,4.0,2.0,2.0,0.5
random,0.125,10.0,23,112,0.0,0.003997919767744266,0.2060032538244818,0.75,0.75,0.9465354744453359,0.17536365861179898,0.051063317166762524,0.4045853551122268,0.2538810681599852,0.5466494343689023,4.0,1.0,1.0,0.25
random,0.125,10.0,24,112,0.0,0.006295174179937678,0.24000930479651075,0.75,0.75,0.8832526541699446,0.14067832680121165,0.13205126660765168,0.3942940447479411,0.27491481000396073,0.5733234688028856,4.0,1.0,1.0,0.25
random,0.125,10.0,25,112,0.0,0.0020801083644945493,0.24770259618563376,0.5,0.5,0.9362192032091647,0.2714244889134978,0.00889909534392928,0.5639908036404288,0.35360938470149544,0.7520930435656479,4.0,2.0,2.0,0.5
random,0.125,10.0,26,112,0.0,0.004126946658571496,0.08937852368624202,1.0,1.0,1.0,0.10338121235523512,0.11564392415176021,0.10338121235523512,0.11564392415176021,0.269247804085642,4.0,0.0,0.0,0.0
random,0.125,10.0,27,112,0.0,0.0037356275325876576,0.18937062848200176,0.5,0.5,0.6093154165639462,0.1443090169935819,0.07818593434523362,0.5400579100363468,0.35784985701369026,0.5684182872864686,4.0,2.0,2.0,0.5
random,0.125,10.0,28,112,0.0,0.008691910345622533,0.1455716707189566,1.0,1.0,1.0,0.14678684159700287,0.12544770234064306,0.14678684159700287,0.12544770234064306,0.31820303907132685,4.0,0.0,0.0,0.0
random,0.125,10.0,29,112,0.0,0.0027055745932062117,0.227598857121941,0.75,0.75,0.9010918510039663,0.19135823954967096,0.09805909617460534,0.40998595327481885,0.26402971377656603,0.5724253023924961,4.0,1.0,1.0,0.25
random,0.125,10.0,30,112,0.0,0.004964651470336286,0.1849700761333383,0.5,0.5,0.29714731642409564,0.08438116941582573,0.15205604176255524,0.5336760167704664,0.3695409583770762,0.5622864203579317,4.0,2.0,2.0,0.5
random,0.125,10.0,31,112,0.0,0.005677915380590614,0.05292423013703046,0.75,0.75,0.9944084691160257,0.10162079565405045,0.014822771324896893,0.3851883819406054,0.25032935487535746,0.514225817900139,4.0,1.0,1.0,0.25
random,0.125,10.0,32,112,0.0,0.0030466169483719203,0.158314968433901,0.5,0.5,0.8052615646659498,0.08391708204925258,0.09815580055304117,0.5336394272632322,0.360301652218116,0.5595277218567489,4.0,2.0,2.0,0.5
random,0.125,10.0,33,112,0.0,0.006726447722033101,0.1557317779805597,1.0,1.0,1.0,0.16018192738590342,0.12434676818758973,0.16018192738590342,0.12434676818758973,0.3278157126412033,4.0,0.0,0.0,0.0
random,0.125,10.0,34,112,0.0,0.0014226710210338224,0.18471553059372262,0.75,0.75,0.8755913179490777,0.10316686394951244,0.08138807805142435,0.3854964998062666,0.259746057596027,0.5329758532706873,4.0,1.0,1.0,0.25
random,0.125,10.0,35,112,0.0,0.005454120081935457,0.2000284930977344,0.5,0.5,0.509523914414975,0.1381707887592606,0.07562552259054925,0.5392546554580481,0.3575746213499314,0.5591128379905211,4.0,2.0,2.0,0.5
random,0.125,10.0,36,112,0.0,0.005523398280365531,0.12261404246155239,0.5,0.5,0.6994127593560873,0.07998398314863266,0.04461891239584293,0.5333373405080132,0.35495834075521304,0.5209568094141912,4.0,2.0,2.0,0.5
random,0.125,10.0,37,112,0.0,0.0028917766588043895,0.08527731505351473,0.75,0.75,0.9703699220972283,0.11938791190798378,0.09163341241929762,0.38899242297544995,0.26229279765884506,0.5423971590644134,4.0,1.0,1.0,0.25
random,0.125,10.0,38,112,0.0,0.0016829484347295923,0.08878213428484438,0.5,0.5,0.941787011511493,0.06529178336198171,0.09676782002530553,0.5323358981764182,0.3601138785109857,0.7228536300017838,4.0,2.0,2.0,0.5
random,0.125,10.0,39,112,0.0,0.005740740980478784,0.20047394007640354,1.0,1.0,1.0,0.25086614132518853,0.09420790016297288,0.25086614132518853,0.09420790016297288,0.38390475643582217,4.0,0.0,0.0,0.0
random,0.125,10.0,40,112,0.0,0.0034391701143940165,0.13753028271832962,1.0,1.0,1.0,0.14360358822657165,0.10475193314066643,0.14360358822657165,0.10475193314066643,0.2838189326364783,4.0,0.0,0.0,0.0
random,0.125,10.0,41,112,0.0,0.00475843363298329,0.12482579552023024,1.0,1.0,1.0,0.18083465859847592,0.18138837941862188,0.18083465859847592,0.18138837941862188,0.4355943029393469,4.0,0.0,0.0,0.0
random,0.125,10.0,42,112,0.0,0.0036683026325180276,0.17505668832284685,0.75,0.75,0.9162785467027246,0.19500900585723246,0.1951831905062623,0.41127409871528453,0.30178197161552395,0.6442003700111582,4.0,1.0,1.0,0.25
random,0.125,10.0,43,112,0.0,0.009129205374067226,0.13220566301602768,0.75,0.75,0.9898619313085321,0.1694787448697087,0.11994414720981864,0.40269999220506436,0.2707211643692048,0.575723187506943,4.0,1.0,1.0,0.25
random,0.125,10.0,44,112,0.0,0.009807824845698672,0.06292503746065091,1.0,1.0,1.0,0.09526843369505035,0.07685315597732889,0.09526843369505035,0.07685315597732889,0.19940128840318597,4.0,0.0,0.0,0.0
random,0.125,10.0,45,112,0.0,0.002437067152622263,0.057021809272415735,0.5,0.5,0.5927275872979886,0.08371715606214097,0.07257444811198327,0.5336237261493968,0.3572583452620519,0.5362920019173283,4.0,2.0,2.0,0.5
random,0.125,10.0,46,112,0.0,0.0023330912062060672,0.12788129610393437,0.75,0.75,0.9455638734894549,0.09585332916322063,0.14925186952525119,0.384077981058215,0.2814375426583791,0.5736539397748827,4.0,1.0,1.0,0.25
random,0.125,10.0,47,112,0.0,0.0007998794493207219,0.1768563414766691,0.75,0.75,0.9917884370236085,0.15428822248435078,0.26619545049564886,0.39809375993355556,0.3400661897314052,0.7030788441255492,4.0,1.0,1.0,0.25
random,0.125,10.0,48,112,0.0,0.002907231994056891,0.14354065216381742,0.75,0.75,0.9812131097270788,0.24402983033733336,0.0498830392513297,0.43045083176926346,0.25370502203092526,0.5804013240343323,4.0,1.0,1.0,0.25
random,0.125,10.0,49,112,0.0,0.0015110576582921546,0.22338829864741186,1.0,1.0,1.0,0.18273430804120064,0.2353447607266289,0.18273430804120064,0.2353447607266289,0.5300112019589581,4.0,0.0,0.0,0.0
random,0.125,15.0,0,112,0.0,0.0015263633877260585,0.13990406229010485,0.75,0.75,0.934006511964578,0.23312005426231105,0.111337523791017,0.42589167610373313,0.2679496839948434,0.5997066606912327,4.0,1.0,1.0,0.25
random,0.125,15.0,1,112,0.0,0.0012011325990210356,0.1598799843109784,0.75,0.75,0.9033989949178025,0.186527742627002,0.22971241417605354,0.40831293033302757,0.31949310621661786,0.6743096554050464,4.0,1.0,1.0,0.25
random,0.125,15.0,2,112,0.0,0.0007133601427023754,0.14968153764715034,0.75,0.75,0.923442983676766,0.1780096794179045,0.08511879637990297,0.40545108764788,0.260641338092929,0.5603441410836533,4.0,1.0,1.0,0.25
random,0.125,15.0,3,112,0.0,0.0006284267167066856,0.11120274732576343,0.75,0.75,0.982668329813871,0.11176343444033161,0.132884547841402,0.3872896835166459,0.2752157831434462,0.5653579953170432,4.0,1.0,1.0,0.25
random,0.125,15.0,4,112,0.0,0.00046300018203604507,0.14431211437879213,0.5,0.5,0.4937319962712596,0.025556251985525465,0.128728951193677,0.5306378812408457,0.36508296514314664,0.5547870688712718,4.0,2.0,2.0,0.5
random,0.125,15.0,5,112,0.0,0.0007500343993029232,0.06467215529673354,1.0,1.0,1.0,0.15621864435030355,0.03330179967785439,0.15621864435030355,0.03330179967785439,0.21868104437146926,4.0,0.0,0.0,0.0
random,0.125,15.0,6,112,0.0,0.0015904941366474325,0.09872859945304589,1.0,1.0,1.0,0.08999605684431626,0.16795402756854882,0.08999605684431626,0.16795402756854882,0.3566972942479524,4.0,0.0,0.0,0.0
random,0.125,15.0,7,112,0.0,0.001432239329431828,0.09313189503876923,1.0,1.0,1.0,0.18035290660185524,0.1091285846335282,0.18035290660185524,0.1091285846335282,0.3247495551522083,4.0,0.0,0.0,0.0
random,0.125,15.0,8,112,0.0,0.0020055036970428974,0.11397725750634582,1.0,1.0,1.0,0.16312988247824678,0.12951539607799312,0.16312988247824678,0.12951539607799312,0.3382396091008866,4.0,0.0,0.0,0.0
random,0.125,15.0,9,112,0.0,0.0014750322641901826,0.14552100656927539,1.0,1.0,1.0,0.22971987045412495,0.06824526450085375,0.22971987045412495,0.06824526450085375,0.33532844308360177,4.0,0.0,0.0,0.0
random,0.125,15.0,10,112,0.0,0.000385902410105869,0.14672528126597412,0.5,0.5,0.8465267331575678,0.12623840260651067,0.01586815159500028,0.5377899842376407,0.3537313940230934,0.5629846491177078,4.0,2.0,2.0,0.5
random,0.125,15.0,11,112,0.0,0.001423518771224654,0.09096075615080973,1.0,1.0,1.0,0.0814329651692542,0.20555142219590766,0.0814329651692542,0.20555142219590766,0.42519945425169875,4.0,0.0,0.0,0.0
random,0.125,15.0,12,112,0.0,0.0017239884741346188,0.12365583560106079,1.0,1.0,1.0,0.18679878021402224,0.2562627113486772,0.18679878021402224,0.2562627113486772,0.5698383132112573,4.0,0.0,0.0,0.0
random,0.125,15.0,13,112,0.0,0.0006743111015383525,0.2262392841012679,0.75,0.75,0.9351159198368575,0.2002057392366392,0.08786969259049607,0.41314253414223384,0.2613251081640668,0.5714948521134993,4.0,1.0,1.0,0.25
random,0.125,15.0,14,112,0.0,0.0016582711262658966,0.13409369369671958,0.5,0.5,0.6628311848118885,0.1303961633526349,0.025337190480115297,0.538285778846649,0.3540070431654048,0.5490379452245379,4.0,2.0,2.0,0.5
random,0.125,15.0,15,112,0.0,0.0009495249715710104,0.050232993361497315,1.0,1.0,1.0,0.14036760708894971,0.08658360551599308,0.14036760708894971,0.08658360551599308,0.25497951741428876,4.0,0.0,0.0,0.0
random,0.125,15.0,16,112,0.0,0.0011182269379603179,0.11974120238784809,1.0,1.0,1.0,0.16118877191112568,0.06433112258909006,0.16118877191112568,0.06433112258909006,0.250487276911774,4.0,0.0,0.0,0.0
random,0.125,15.0,17,112,0.0,0.0002648208978044658,0.18612564223413988,1.0,1.0,1.0,0.19059069454903654,0.05370227501687465,0.19059069454903654,0.05370227501687465,0.27588617658788156,4.0,0.0,0.0,0.0
random,0.125,15.0,18,112,0.0,0.001225718072982361,0.11379908882903683,0.75,0.75,0.8754856233413968,0.23482273185025593,0.062105692755292305,0.42659264708292016,0.2557202334670862,0.5788727307529126,4.0,1.0,1.0,0.25
random,0.125,15.0,19,112,0.0,0.00022503951110711842,0.1346215218145076,0.75,0.75,0.98039058509643,0.22704900859542873,0.20341836909490565,0.4234246559048319,0.305833736961643,0.6654863647948894,4.0,1.0,1.0,0.25
random,0.125,15.0,20,112,0.0,0.0008600912244186329,0.1353984519012192,0.75,0.75,0.9210793842938271,0.09162292620351721,0.09317405886707052,0.38330284430795886,0.26269955069303647,0.5359451743217335,4.0,1.0,1.0,0.25
random,0.125,15.0,21,112,0.0,0.0010111079635810594,0.1073467731800574,0.25,0.25,0.14175519230825062,0.0973864973560783,0.08715186708547318,0.6513417171245992,0.43519979547803217,0.7240742279851765,4.0,3.0,3.0,0.75
random,0.125,15.0,22,112,0.0,0.0007934086137240544,0.07792706524720022,0.5,0.5,0.9819542188683418,0.1529651574722724,0.09865629748630762,0.5412477895569261,0.36036999391854674,0.7350269750009073,4.0,2.0,2.0,0.5
random,0.125,15.0,23,112,0.0,0.00047575882361844656,0.15555610633334094,1.0,1.0,1.0,0.18617870081151694,0.13344560907406836,0.18617870081151694,0.13344560907406836,0.36449027408075835,4.0,0.0,0.0,0.0
random,0.125,15.0,24,112,0.0,0.0009761430481610119,0.13947719407275255,0.75,0.75,0.918026435816341,0.0743153050770582,0.1344979795948457,0.38048268479199177,0.2758029729468514,0.5582408133027194,4.0,1.0,1.0,0.25
random,0.125,15.0,25,112,0.0,0.00036073262293286057,0.0986216382311766,0.75,0.75,0.9935876958476797,0.15163434147257163,0.013056755086203119,0.3973282397909383,0.25025558762999844,0.5302534625804632,4.0,1.0,1.0,0.25
random,0.125,15.0,26,112,0.0,0.0013363978188595182,0.1580254180544072,1.0,1.0,1.0,0.23713340176878311,0.16647520020385398,0.23713340176878311,0.16647520020385398,0.45915619781602757,4.0,0.0,0.0,0.0
random,0.125,15.0,27,112,0.0,0.0011907161749828785,0.12598360720941515,0.5,0.5,0.9852763478682443,0.17128426253634563,0.028658527531380755,0.5439845120003969,0.35413366911398503,0.7264441547967869,4.0,2.0,2.0,0.5
random,0.125,15.0,28,112,0.0,0.00046747495146942116,0.06594808831242881,1.0,1.0,1.0,0.12122208255563462,0.0632395623275662,0.12122208255563462,0.0632395623275662,0.20523412472040486,4.0,0.0,0.0,0.0
random,0.125,15.0,29,112,0.0,0.0023375503652171715,0.1682672543550605,0.75,0.75,0.9929210532425251,0.2107736232093554,0.12366298862445031,0.41706611008400035,0.27197316240145497,0.5959124358950109,4.0,1.0,1.0,0.25
random,0.125,15.0,30,112,0.0,0.001956442182744945,0.1914971112776982,0.75,0.75,0.8949361928938941,0.14284141966553923,0.12011303757099684,0.3948768838246296,0.27077731874346267,0.5661151122163088,4.0,1.0,1.0,0.25
random,0.125,15.0,31,112,0.0,0.0014019338931157645,0.16273388865322946,0.5,0.5,0.2895885881057187,0.1912020905078665,0.1273772725159484,0.5472925357679284,0.3648458370007819,0.575932514396404,4.0,2.0,2.0,0.5
random,0.125,15.0,32,112,0.0,0.0008810010599551131,0.17787369552588667,0.25,0.25,0.7284729262229945,0.09688622448816142,0.024623244816758483,0.6513230650943452,0.4331876914760235,0.621371323793702,4.0,3.0,3.0,0.75
random,0.125,15.0,33,112,0.0,0.0006628206232706118,0.10224669310788473,0.75,0.75,0.9442612508695147,0.08683204772796638,0.113847880079198,0.38246549306371924,0.2687396599850785,0.5467513987902467,4.0,1.0,1.0,0.25
random,0.125,15.0,34,112,0.0,0.00111732010391951,0.2572352910033041,0.75,0.75,0.90980436389581,0.22429160029341516,0.09759401842372983,0.42232101708491354,0.2639004439633789,0.5879195579151812,4.0,1.0,1.0,0.25
random,0.125,15.0,35,112,0.0,0.001202150034922639,0.17646590603441983,1.0,1.0,1.0,0.20161125777709488,0.10810313071887595,0.20161125777709488,0.10810313071887595,0.3449734153305476,4.0,0.0,0.0,0.0
random,0.125,15.0,36,112,0.0,0.0008472632011790374,0.13380058485809718,1.0,1.0,1.0,0.16502705926483838,0.05175160717434853,0.16502705926483838,0.05175160717434853,0.2431641245145205,4.0,0.0,0.0,0.0
random,0.125,15.0,37,112,0.0,0.00046189726158892875,0.20282590781649038,1.0,1.0,1.0,0.23117185404104837,0.11964571671710603,0.23117185404104837,0.11964571671710603,0.3902122397771945,4.0,0.0,0.0,0.0
random,0.125,15.0,38,112,0.0,0.0008496110197774687,0.08258569327930648,1.0,1.0,1.0,0.13794951816659665,0.10022545924153502,0.13794951816659665,0.10022545924153502,0.27205110824677703,4.0,0.0,0.0,0.0
random,0.125,15.0,39,112,0.0,0.00068666296841174,0.21715865718592922,0.75,0.75,0.9026192340553885,0.1706039489958251,0.11940746669045707,0.40305617543926503,0.27054317091006835,0.5758316066249386,4.0,1.0,1.0,0.25
random,0.125,15.0,40,112,0.0,0.0007038630713940282,0.17144259514345783,0.75,0.75,0.9522819200015525,0.15577874055635652,0.08795006941321144,0.39852887223762534,0.26134538647609895,0.5527763249951396,4.0,1.0,1.0,0.25
random,0.125,15.0,41,112,0.0,0.0009160578909679939,0.11793908092582574,1.0,1.0,1.0,0.17048739938133764,0.06891247160058736,0.17048739938133764,0.06891247160058736,0.2658355147832441,4.0,0.0,0.0,0.0
random,0.125,15.0,42,112,0.0,0.0003121274755040163,0.1793115658814385,0.5,0.5,0.3912842304845164,0.17287988155078948,0.07033357774927133,0.5442368296270544,0.3570341805478943,0.559976709428587,4.0,2.0,2.0,0.5
random,0.125,15.0,43,112,0.0,0.0010982330001465513,0.14335560910903963,0.75,0.75,0.9543092107832271,0.35786494417060816,0.08332572561849151,0.48649305102917384,0.2602064226962626,0.6645193405797317,4.0,1.0,1.0,0.25
random,0.125,15.0,44,112,0.0,0.001546655399547762,0.08469039125714768,0.75,0.75,0.9872579195785993,0.18267979532198345,0.101778674590115,0.4070060573433291,0.2650833339744134,0.5705896709800636,4.0,1.0,1.0,0.25
random,0.125,15.0,45,112,0.0,0.0013656671361040554,0.2668865513699413,0.5,0.5,0.37500203539574883,0.22366839314517348,0.14871191588636673,0.5534110362525055,0.3688598879836311,0.7567510640842566,4.0,2.0,2.0,0.5
random,0.125,15.0,46,112,0.0,0.0011017841879675065,0.24280177804656755,0.75,0.75,0.9590714566660673,0.27044122016493993,0.061987441877644885,0.4421298906127317,0.2556987137490152,0.5992038609165821,4.0,1.0,1.0,0.25
random,0.125,15.0,47,112,0.0,0.0006258003281105342,0.07918982195536413,0.75,0.75,0.9694100588116554,0.13324049653624545,0.08716044299027292,0.39235159288311666,0.2611469071551403,0.5444828142587075,4.0,1.0,1.0,0.25
random,0.125,15.0,48,112,0.0,0.0010968963031003844,0.16887207252526007,1.0,1.0,1.0,0.14931167577514678,0.16490696693618204,0.14931167577514678,0.16490696693618204,0.3852414399008324,4.0,0.0,0.0,0.0
random,0.125,15.0,49,112,0.0,0.0018758145265920748,0.14730998191045527,0.75,0.75,0.9798710002325649,0.17469713971752115,0.14403284872450942,0.404369036857562,0.27939057989447863,0.5940778613692567,4.0,1.0,1.0,0.25
random,0.125,20.0,0,112,0.0,0.0003196632473445796,0.16428111676262364,1.0,1.0,1.0,0.21108944167395713,0.1293346755375275,0.21108944167395713,0.1293346755375275,0.3822635124927823,4.0,0.0,0.0,0.0
random,0.125,20.0,1,112,0.0,0.0006391441371746468,0.12865585172071917,1.0,1.0,1.0,0.19199012428332443,0.10326387184032258,0.19199012428332443,0.10326387184032258,0.32891179252289,4.0,0.0,0.0,0.0
random,0.125,20.0,2,112,0.0,0.00046311615990691444,0.07700834538876129,1.0,1.0,1.0,0.1353520567529441,0.1010696309849064,0.1353520567529441,0.1010696309849064,0.2709787608207083,4.0,0.0,0.0,0.0
random,0.125,20.0,3,112,0.0,0.00030025269873974037,0.121534769172681,0.75,0.75,0.9845444649726047,0.12912236546525044,0.13504418194116483,0.39131756790042826,0.27600307662618334,0.5717874665581005,4.0,1.0,1.0,0.25
random,0.125,20.0,4,112,0.0,0.0005941424373576538,0.25201854637515947,0.75,0.75,0.9025646361316475,0.2694676678371917,0.09807224161591438,0.4416838439508642,0.2640333756017934,0.6129205433057352,4.0,1.0,1.0,0.25
random,0.125,20.0,5,112,0.0,0.0005229693454531913,0.1219771343289553,0.75,0.75,0.999318261855874,0.2254284417797534,0.0768906796195575,0.4227747470845861,0.25871631656945815,0.5792183005178064,4.0,1.0,1.0,0.25
random,0.125,20.0,6,112,0.0,0.0005824039233362225,0.14657756360767826,0.5,0.5,0.9646234665636544,0.22105162704613268,0.06663440598622772,0.5528850792975619,0.3566792284820756,0.7431788455052327,4.0,2.0,2.0,0.5
random,0.125,20.0,7,112,0.0,0.00047367522775846373,0.16240235100286082,0.75,0.75,0.9530271311979491,0.1836713134564889,0.06836846153423688,0.4073405989342627,0.25691571555554715,0.5558803301492007,4.0,1.0,1.0,0.25
random,0.125,20.0,8,112,0.0,0.00028643544566944344,0.11338150857924398,1.0,1.0,1.0,0.22545589139510921,0.1116750481508613,0.22545589139510921,0.1116750481508613,0.37450013100399887,4.0,0.0,0.0,0.0
random,0.125,20.0,9,112,0.0,0.000685742608978072,0.12151807807036374,0.75,0.75,0.9289778843955596,0.08733412837322248,0.08303365564196385,0.3825512220396543,0.26013638918258086,0.5299560647318657,4.0,1.0,1.0,0.25
random,0.125,20.0,10,112,0.0,0.00013017152327264968,0.10338039875516905,0.5,0.5,0.7229225574445993,0.14394033351523142,0.08001166459026544,0.5400087127132654,0.35805157901516443,0.5564809079299926,4.0,2.0,2.0,0.5
random,0.125,20.0,11,112,0.0,0.00029344005874864116,0.16832305906558048,0.75,0.75,0.9381783189353762,0.16582653386142643,0.04816325706654597,0.4015580026588576,0.25345566574539946,0.5418705415230046,4.0,1.0,1.0,0.25
random,0.125,20.0,12,112,0.0,0.0002785367023341166,0.15571154550903285,0.75,0.75,0.4867810831634599,0.38073464950581504,0.2722401631813883,0.4993437243029463,0.34363647919970847,0.6859759146958782,4.0,1.0,1.0,0.25
random,0.125,20.0,13,112,0.0,0.00030472496120210037,0.15181795152241004,0.5,0.5,0.8384754372951128,0.21438502493571554,0.06397386092774467,0.551570910634656,0.3564355866646892,0.5677297434395775,4.0,2.0,2.0,0.5
random,0.125,20.0,14,112,0.0,0.00018967211007130772,0.23388917109754312,0.75,0.75,0.8410833811879085,0.1316425718476755,0.11593565755799635,0.3919468395611869,0.2694082543651062,0.5598478237078736,4.0,1.0,1.0,0.25
random,0.125,20.0,15,112,0.0,0.0003849021570040722,0.13498702602563284,0.5,0.5,0.6920931976523016,0.1535256487850117,0.04820632716507003,0.5413271306866388,0.3551927997431436,0.5462931458148769,4.0,2.0,2.0,0.5
random,0.125,20.0,16,112,0.0,0.00020491397749144625,0.05743234262351901,1.0,1.0,1.0,0.10423621693082968,0.1351318455484274,0.10423621693082968,0.1351318455484274,0.30390517293840197,4.0,0.0,0.0,0.0
random,0.125,20.0,17,112,0.0,0.00026283968840115824,0.22336256337253402,1.0,1.0,1.0,0.2214174101156016,0.09411890852886845,0.2214174101156016,0.09411890852886845,0.35012886420934997,4.0,0.0,0.0,0.0
random,0.125,20.0,18,112,0.0,0.0008484761708715666,0.10824616187805225,0.5,0.5,0.9650454089689008,0.19333541056700573,0.0514334160448213,0.547667134753909,0.35541904583606637,0.7338366288806019,4.0,2.0,2.0,0.5
random,0.125,20.0,19,112,0.0,0.00040694308753566047,0.1459485731394891,0.5,0.5,0.5985563237803018,0.21392832856735297,0.0948105801613036,0.5514822434873227,0.3598534744243294,0.5727036612844526,4.0,2.0,2.0,0.5
random,0.125,20.0,20,112,0.0,0.00047826381388593736,0.1673039422155712,1.0,1.0,1.0,0.18970587834906627,0.13561567750171616,0.18970587834906627,0.13561567750171616,0.37087151951945607,4.0,0.0,0.0,0.0
random,0.125,20.0,21,112,0.0,0.0003913950704257648,0.11246528471703167,0.75,0.75,0.9594663941767736,0.19163742086789373,0.09906634999454104,0.4100837424327788,0.26431157045413406,0.5730697687654795,4.0,1.0,1.0,0.25
random,0.125,20.0,22,112,0.0,0.0008836761398072333,0.11477222003822317,0.75,0.75,0.9383006817378983,0.1339524600903047,0.17588855932289157,0.3925333695027513,0.2927500452186332,0.6055862487328896,4.0,1.0,1.0,0.25
random,0.125,20.0,23,112,0.0,0.0003062260311313365,0.18822298778508587,0.75,0.75,0.9654819777167447,0.2099046565056622,0.07989848980046882,0.41673729568766704,0.2593989716716254,0.572623720937988,4.0,1.0,1.0,0.25
random,0.125,20.0,24,112,0.0,0.00038848894735318053,0.20442909023013392,0.5,0.5,0.4525649283393939,0.30982463152165096,0.09389370589273065,0.5737993126074337,0.3597332539578949,0.6026966475737436,4.0,2.0,2.0,0.5
random,0.125,20.0,25,112,0.0,0.0001408772350471658,0.22670415286053563,0.75,0.75,0.9635920004051826,0.26822789114421214,0.0812683535866153,0.44111750270279854,0.2597179411804455,0.6047659916592524,4.0,1.0,1.0,0.25
random,0.125,20.0,26,112,0.0,0.0002529798826870955,0.10280037429435948,0.75,0.75,0.9953912100628565,0.18064742066118575,0.08634084626793816,0.4063251382128043,0.2609426302862332,0.5620280651279884,4.0,1.0,1.0,0.25
random,0.125,20.0,27,112,0.0,0.0006312347536317969,0.14620026247995205,0.75,0.75,0.9995094248408641,0.20315179491926874,0.09995080039211626,0.4142197349646567,0.26456118739200674,0.5787901374438766,4.0,1.0,1.0,0.25
random,0.125,20.0,28,112,0.0,0.0002828056582031705,0.18785642020737475,0.75,0.75,0.912566425104175,0.15765994825344576,0.0036383819015847673,0.39908331769501393,0.2500198559457755,0.53214840584774,4.0,1.0,1.0,0.25
random,0.125,20.0,29,112,0.0,0.0002835521236118737,0.19134941290040156,0.75,0.75,0.8931119706541268,0.12518904350974663,0.0906400389612701,0.39035781337276176,0.2620338002952585,0.5436388925336517,4.0,1.0,1.0,0.25
random,0.125,20.0,30,112,0.0,0.0003292687043590882,0.06823460250318568,1.0,1.0,1.0,0.13378803441485815,0.04824761859120677,0.13378803441485815,0.04824761859120677,0.2028107458339403,4.0,0.0,0.0,0.0
random,0.125,20.0,31,112,0.0,0.000717350050420702,0.13554686720651374,0.75,0.75,0.969838492394473,0.153975478709771,0.11880203596551547,0.3980029347039132,0.2703431944994431,0.5691687230577523,4.0,1.0,1.0,0.25
random,0.125,20.0,32,112,0.0,0.00025842452329370404,0.018456088480390626,1.0,1.0,1.0,0.06974004464804703,0.05035440445557739,0.06974004464804703,0.05035440445557739,0.13707222709656727,4.0,0.0,0.0,0.0
random,0.125,20.0,33,112,0.0,0.0004481324425030028,0.13778691865590795,0.5,0.5,0.9215068466077512,0.11723440832278885,0.10594637344649387,0.5367699258037816,0.3614032609471475,0.6072018177000326,4.0,2.0,2.0,0.5
random,0.125,20.0,34,112,0.0,0.0001326841477975119,0.198994457346214,0.75,0.75,0.9230886732814368,0.16847909936403718,0.14263840403471448,0.40238526960102283,0.2788535202022342,0.5906641054610205,4.0,1.0,1.0,0.25
random,0.125,20.0,35,112,0.0,0.0002494488359329025,0.267518435424301,0.75,0.75,0.9442345026163991,0.28391932909570977,0.12383131496903074,0.4484223891328559,0.27203059740628344,0.635202984050313,4.0,1.0,1.0,0.25
random,0.125,20.0,36,112,0.0,0.00022860774289560037,0.20112378134243658,0.75,0.75,0.9111528095380882,0.16587637848342182,0.10011480102744168,0.40157344247856025,0.2646076908152391,0.5628104039011065,4.0,1.0,1.0,0.25
random,0.125,20.0,37,112,0.0,0.00015991392529260377,0.11809627542242179,0.75,0.75,0.9615402850888815,0.14517809620800962,0.0513007845049343,0.3955154987025623,0.25391697042166417,0.5347873885610132,4.0,1.0,1.0,0.25
random,0.125,20.0,38,112,0.0,0.0001917151306662625,0.21909393431709467,0.75,0.75,0.9376286249018355,0.20185701508469098,0.12096857458745762,0.41374471707101695,0.2710628101165687,0.5901089115564732,4.0,1.0,1.0,0.25
random,0.125,20.0,39,112,0.0,0.0006236999770268398,0.07548433893415257,1.0,1.0,1.0,0.14443507890425764,0.1443872572239803,0.14443507890425764,0.1443872572239803,0.3470991459449088,4.0,0.0,0.0,0.0
random,0.125,20.0,40,112,0.0,0.00046488031177651577,0.11795393278546128,0.75,0.75,0.9574999970513696,0.12274440284449568,0.13078990787024833,0.3897751163456165,0.2744622014058239,0.5669270246175074,4.0,1.0,1.0,0.25
random,0.125,20.0,41,112,0.0,0.0002677795888876567,0.14047839292779582,1.0,1.0,1.0,0.22110180805395122,0.06512967922024811,0.22110180805395122,0.06512967922024811,0.32229793955069114,4.0,0.0,0.0,0.0
random,0.125,20.0,42,112,0.0,0.0003004979204293857,0.06932464020781517,0.75,0.75,0.9989050789014399,0.17264299413271542,0.048743029326685,0.403706827496553,0.25353877845599193,0.5448563602344854,4.0,1.0,1.0,0.25
random,0.125,20.0,43,112,0.0,0.00024817700004986135,0.06398487148880401,1.0,1.0,1.0,0.045779710407221334,0.12347635091992294,0.045779710407221334,0.12347635091992294,0.2543844952196713,4.0,0.0,0.0,0.0
random,0.125,20.0,44,112,0.0,0.0003323492630669095,0.22950931544481376,0.5,0.5,0.7026606702156238,0.18781942219376305,0.1550657985942272,0.5467065645084203,0.37016577495337505,0.6037274678960022,4.0,2.0,2.0,0.5
random,0.125,20.0,45,112,0.0,0.0005142048946665793,0.13532394766485897,0.25,0.25,0.2718984254898276,0.12170871530127592,0.019315155838515174,0.6523635894538197,0.43312038604903663,0.5912239435634056,4.0,3.0,3.0,0.75
random,0.125,20.0,46,112,0.0,0.0003141323319170858,0.09394068807377069,0.5,0.5,0.958746878686098,0.1184337312777034,0.08937617818738351,0.5369015499625417,0.3591574175952537,0.7269417072554921,4.0,2.0,2.0,0.5
random,0.125,20.0,47,112,0.0,0.00015211523513165284,0.32296822343368936,0.75,0.75,0.9647794708980693,0.2848472743123635,0.11602923396491834,0.448863539689277,0.2694384667245275,0.6313258342417442,4.0,1.0,1.0,0.25
random,0.125,20.0,48,112,0.0,0.0004033451843896584,0.17085274509693704,0.5,0.5,0.7682346597119538,0.1618663870633715,0.03496206161345704,0.5425406562005051,0.3544166656297804,0.5979089255401888,4.0,2.0,2.0,0.5
random,0.125,20.0,49,112,0.0,0.0008148521945279186,0.04074875454784996,0.5,0.5,0.23583496479926716,0.17441069432017606,0.06302207116803483,0.5444809869468565,0.35635079728710367,0.5425094430267066,4.0,2.0,2.0,0.5
random,0.125,25.0,0,112,0.0,0.00011088125306797404,0.14851286277720918,0.75,0.75,0.9864921014806978,0.16821027322645135,0.13763811251032876,0.4023009097854342,0.27696242978345353,0.5869914917652335,4.0,1.0,1.0,0.25
random,0.125,25.0,1,112,0.0,0.00015709285366572533,0.2838258792357975,0.75,0.75,0.977826251541544,0.2673256107267684,0.11463525207723856,0.44070651982110476,0.268990577463429,0.6202480949241381,4.0,1.0,1.0,0.25
random,0.125,25.0,2,112,0.0,0.0002034044329943733,0.17745058967664157,0.75,0.75,0.9360845388934017,0.16571925676623975,0.05863830616105069,0.40152478634246996,0.255105543279792,0.5449151453200622,4.0,1.0,1.0,0.25
random,0.125,25.0,3,112,0.0,5.389998571864554e-05,0.13845889432949576,0.75,0.75,0.9831177807007877,0.1664087107763921,0.08308805078950449,0.40173858946670243,0.2601494150252878,0.5546470510589107,4.0,1.0,1.0,0.25
random,0.125,25.0,4,112,0.0,7.309859079949011e-05,0.2604508870396977,0.75,0.75,0.8462544882006499,0.206378174635969,0.17206864496810578,0.41541420681598734,0.2910424607095501,0.6289770454462119,4.0,1.0,1.0,0.25
random,0.125,25.0,5,112,0.0,6.942813548004844e-05,0.1631020318893981,0.5,0.5,0.8932392676640887,0.07846475503391227,0.15301076030365449,0.5332244920211993,0.36973794285189504,0.7431670226579769,4.0,2.0,2.0,0.5
random,0.125,25.0,6,112,0.0,0.00014163846721944448,0.21862216834313247,0.0,0.0,0.0,nan,nan,0.75,0.5,0.7526191740982416,4.0,4.0,4.0,1.0
random,0.125,25.0,7,112,0.0,5.764117230213065e-05,0.17085571193302204,1.0,1.0,1.0,0.20905266985517423,0.18174085905453388,0.20905266985517423,0.18174085905453388,0.4580537250115855,4.0,0.0,0.0,0.0
random,0.125,25.0,8,112,0.0,0.00010560443112109618,0.08038944555953553,0.5,0.5,0.8038924879705839,0.10737029487855844,0.20479764849445828,0.5357370531437547,0.38206156364443394,0.6015580080392816,4.0,2.0,2.0,0.5
random,0.125,25.0,9,112,0.0,6.411690858563076e-05,0.12752616723476132,1.0,1.0,1.0,0.16649587426505558,0.11376656060943864,0.16649587426505558,0.11376656060943864,0.31788815461853553,4.0,0.0,0.0,0.0
random,0.125,25.0,10,112,0.0,7.755504972294967e-05,0.1805321010610167,0.75,0.75,0.9288441062226801,0.11729773243636568,0.1340109205495248,0.38851521016047097,0.27562509885694064,0.5676458325334065,4.0,1.0,1.0,0.25
random,0.125,25.0,11,112,0.0,0.00015650712925338454,0.10830034651240512,0.5,0.5,0.5663535163015271,0.22106709380596473,0.07988970604574762,0.5528881713166847,0.3580379624649291,0.5611515542643872,4.0,2.0,2.0,0.5
random,0.125,25.0,12,112,0.0,3.824702862659247e-05,0.108836701075634,0.75,0.75,0.990138975589658,0.15898149095715752,0.14228313585519775,0.39947632702103963,0.27871736232533395,0.5868846776573574,4.0,1.0,1.0,0.25
random,0.125,25.0,13,112,0.0,0.00010430121921032287,0.07847924988520823,0.75,0.75,0.9859074909172049,0.2006698904644482,0.060795204728230176,0.4133113883070006,0.255483938220117,0.5610520273015629,4.0,1.0,1.0,0.25
random,0.125,25.0,14,112,0.0,8.014802541489646e-05,0.11721658776613822,0.75,0.75,0.9732214589155594,0.22954617443521053,0.05135397403252605,0.42443325111067826,0.253925034186667,0.572858580754378,4.0,1.0,1.0,0.25
random,0.125,25.0,15,112,0.0,0.00011872148499139785,0.23496089387465224,0.75,0.75,0.8811471411222709,0.17503468758018473,0.12756201319354407,0.4044784992953515,0.27332041710690486,0.5828084797813317,4.0,1.0,1.0,0.25
random,0.125,25.0,16,112,0.0,6.290847062334402e-05,0.1588923020301736,0.5,0.5,0.3974326964920077,0.16304655863011777,0.09750111660498491,0.5427173206564926,0.3602127619471712,0.5583310518056012,4.0,2.0,2.0,0.5
random,0.125,25.0,17,112,0.0,8.155890804629345e-05,0.07454675320013426,1.0,1.0,1.0,0.09381448372580514,0.0897066656541792,0.09381448372580514,0.0897066656541792,0.2187136150739125,4.0,0.0,0.0,0.0
random,0.125,25.0,18,112,0.0,8.740544214451368e-05,0.07162516028390986,1.0,1.0,1.0,0.22002347455979226,0.1650567421531111,0.22002347455979226,0.1650567421531111,0.44163075104346894,4.0,0.0,0.0,0.0
random,0.125,25.0,19,112,0.0,7.422138753685309e-05,0.16541625729063708,0.75,0.75,0.9738677254050105,0.19479270194135057,0.07097067763977391,0.4111972124749983,0.25744441693982517,0.5618743396526447,4.0,1.0,1.0,0.25
random,0.125,25.0,20,112,0.0,0.0001584698967622536,0.07021813467878622,0.5,0.5,0.9705961741027244,0.18415315891431205,0.15800902310655365,0.5460825880478702,0.370787574888296,0.7616285484554012,4.0,2.0,2.0,0.5
random,0.125,25.0,21,112,0.0,0.00012430544624683035,0.17105282159424967,0.5,0.5,0.9342975946152704,0.18337960403087233,0.04592741078603145,0.5459524151308974,0.3550417771625678,0.730828488809737,4.0,2.0,2.0,0.5
random,0.125,25.0,22,112,0.0,0.0001849874161710862,0.21387221853812802,0.75,0.75,0.9527020133269096,0.19952122043598458,0.217286883160835,0.41289410028868007,0.3129060437180988,0.6668725955185173,4.0,1.0,1.0,0.25
random,0.125,25.0,23,112,0.0,4.241885254437024e-05,0.19546077196084846,0.25,0.25,0.6860017291709452,0.0848804980622333,0.14269925107926706,0.6509041210023356,0.4388516481279818,0.7752760480025527,4.0,3.0,3.0,0.75
random,0.125,25.0,24,112,0.0,5.101991450703524e-05,0.10409528904396097,1.0,1.0,1.0,0.1947402469221596,0.11099590722296532,0.1947402469221596,0.11099590722296532,0.3416143881093334,4.0,0.0,0.0,0.0
random,0.125,25.0,25,112,0.0,0.00010302318876820909,0.024096782439052472,1.0,1.0,1.0,0.06335502603013132,0.09064589596617358,0.06335502603013132,0.09064589596617358,0.20000615923039036,4.0,0.0,0.0,0.0
random,0.125,25.0,26,112,0.0,0.0001383964958109978,0.07793558703522113,0.5,0.5,0.9802843982408507,0.181988036783469,0.01635931663483429,0.5457195458897827,0.3537425810110784,0.7279937770332372,4.0,2.0,2.0,0.5
random,0.125,25.0,27,112,0.0,0.00012555985959619294,0.12145479536101192,1.0,1.0,1.0,0.13560213919019284,0.1898150818849062,0.13560213919019284,0.1898150818849062,0.42048630492196554,4.0,0.0,0.0,0.0
random,0.125,25.0,28,112,0.0,0.00012673864060470136,0.16106760943781329,0.75,0.75,0.9198988186036225,0.08850708289236653,0.13377770355257076,0.3827533511173836,0.2755401159102784,0.5604766663589902,4.0,1.0,1.0,0.25
random,0.125,25.0,29,112,0.0,0.00010035529491678382,0.09525354365545934,0.5,0.5,0.9524424205187374,0.10879825100880287,0.037636768578723376,0.5358810779560025,0.35455361114297534,0.7164878807739462,4.0,2.0,2.0,0.5
random,0.125,25.0,30,112,0.0,0.0001603582291316809,0.09774740119711685,0.75,0.75,0.9552230646513422,0.10256484744775705,0.1359047472452088,0.3853759994459777,0.2763196975295791,0.5651870176151086,4.0,1.0,1.0,0.25
random,0.125,25.0,31,112,0.0,0.0001682090035301587,0.10044864190404118,0.5,0.5,0.8541888532268893,0.14235664313181354,0.09506414102175807,0.5397987652096652,0.35988692037097203,0.5384600586847131,4.0,2.0,2.0,0.5
random,0.125,25.0,32,112,0.0,0.00027612332411854605,0.08536867242009624,1.0,1.0,1.0,0.13151757349222007,0.11640621950331374,0.13151757349222007,0.11640621950331374,0.2914646233540826,4.0,0.0,0.0,0.0
random,0.125,25.0,33,112,0.0,0.00015078660172914034,0.11534287112070962,0.75,0.75,0.9615695346717028,0.12558748067208034,0.0456151500646311,0.3904537891686673,0.25310186968207904,0.526566089060373,4.0,1.0,1.0,0.25
random,0.125,25.0,34,112,0.0,7.648942084072489e-05,0.06609799773294574,1.0,1.0,1.0,0.14935331157989262,0.08237047527671292,0.14935331157989262,0.08237047527671292,0.2584481065430748,4.0,0.0,0.0,0.0
random,0.125,25.0,35,112,0.0,9.438234855149967e-05,0.13056907261532838,0.5,0.5,0.3973375681317156,0.17596027422495378,0.058993056798927225,0.5447302167611601,0.3560057448626928,0.5453219216389394,4.0,2.0,2.0,0.5
random,0.125,25.0,36,112,0.0,7.380649592313619e-05,0.13539832447957525,0.75,0.75,0.9662006139009601,0.1310102798823534,0.16755368810319007,0.3917879146632007,0.2890599916933089,0.5975848389733015,4.0,1.0,1.0,0.25
random,0.125,25.0,37,112,0.0,4.0449024820266676e-05,0.037461294371588794,1.0,1.0,1.0,0.1026926351838237,0.10951783362737069,0.1026926351838237,0.10951783362737069,0.25831119236377037,4.0,0.0,0.0,0.0
random,0.125,25.0,38,112,0.0,0.00016635994859759363,0.10257490789012637,0.5,0.5,0.6188101179168277,0.05252257278895399,0.14318799217445669,0.5316289216419527,0.36776541511060573,0.578651955706287,4.0,2.0,2.0,0.5
random,0.125,25.0,39,112,0.0,0.00011418308060061277,0.21784730639308023,0.5,0.5,0.9116550537541634,0.22636619340105404,0.04057004606716794,0.553959228425199,0.35471532856495797,0.7408373598391609,4.0,2.0,2.0,0.5
random,0.125,25.0,40,112,0.0,7.376844025549106e-05,0.22703241139323402,0.75,0.75,0.9045625406024671,0.16027702786174278,0.14217277467813896,0.3998644073247148,0.27867512159279784,0.5872741504549935,4.0,1.0,1.0,0.25
random,0.125,25.0,41,112,0.0,7.339807375802394e-05,0.17054596516587725,0.5,0.5,0.98925826277274,0.45423164196567994,0.09167147110631932,0.6200106388453498,0.3594465597378814,0.8367846484921411,4.0,2.0,2.0,0.5
random,0.125,25.0,42,112,0.0,0.00012458750628127125,0.18086763252796118,0.25,0.25,0.38047659406730544,0.22868730216255728,0.024239205040043954,0.6595069905183698,0.43318227660563785,0.7305642070098094,4.0,3.0,3.0,0.75
random,0.125,25.0,43,112,0.0,0.00011588839445142229,0.1344838450044479,0.75,0.75,0.9048180424978662,0.15753619831676374,0.08135187807677699,0.39904666435778413,0.2597375522521995,0.550404023640805,4.0,1.0,1.0,0.25
random,0.125,25.0,44,112,0.0,0.00017849211117186952,0.15765081544741677,1.0,1.0,1.0,0.1859061794295745,0.1662685179799717,0.1859061794295745,0.1662685179799717,0.4147563733844029,4.0,0.0,0.0,0.0
random,0.125,25.0,45,112,0.0,4.4008793576165254e-05,0.017838249186488554,1.0,1.0,1.0,0.052078376510660065,0.046221685990617316,0.052078376510660065,0.046221685990617316,0.11561742948627557,4.0,0.0,0.0,0.0
random,0.125,25.0,46,112,0.0,9.852652206509676e-05,0.10343299732521959,0.5,0.5,0.1784539975367128,0.45896017395241806,0.200781282396045,0.6217493229889494,0.38099417538894237,0.7131294979580518,4.0,2.0,2.0,0.5
random,0.125,25.0,47,112,0.0,0.0001049319105117316,0.23988068676537255,0.75,0.75,0.9866684335849296,0.22153518744133557,0.09450608873668984,0.4212284171990308,0.263056173860699,0.5850054029304443,4.0,1.0,1.0,0.25
random,0.125,25.0,48,112,0.0,8.931545994961417e-05,0.15009372554962588,0.75,0.75,0.9509768908313907,0.21405862938985,0.05370079588481612,0.4183190440467609,0.25428887433192393,0.5654609820235194,4.0,1.0,1.0,0.25
random,0.125,25.0,49,112,0.0,0.0001858966537705071,0.12282079709907766,0.5,0.5,0.9632840398560943,0.1606592599342551,0.06398053824910209,0.542361225477367,0.3564361859257873,0.5614718743941183,4.0,2.0,2.0,0.5
random,0.125,30.0,0,112,0.0,1.0037024479920672e-05,0.11314412549635065,0.75,0.75,0.9547658953037421,0.12374462290731957,0.244996239710195,0.390012241825633,0.32789841125583624,0.6711828722593958,4.0,1.0,1.0,0.25
random,0.125,30.0,1,112,0.0,4.7360108670881986e-05,0.28661088131276774,0.75,0.75,0.9148596394942241,0.27444992167556115,0.1649288514985729,0.443978681504857,0.2879255885510677,0.6572936361933002,4.0,1.0,1.0,0.25
random,0.125,30.0,2,112,0.0,2.186158113608582e-05,0.23450129651341164,0.5,0.5,0.946328580752019,0.24786135037308601,0.04109965955686827,0.5585406202814481,0.3547458118256581,0.7469855917361449,4.0,2.0,2.0,0.5
random,0.125,30.0,3,112,0.0,2.3258198077961432e-05,0.08977611696187741,0.75,0.75,0.9405572072542648,0.1027252533235906,0.07166081379861018,0.3854080412404455,0.25758776014343016,0.5286546953636483,4.0,1.0,1.0,0.25
random,0.125,30.0,4,112,0.0,3.1195931287501524e-05,0.15279072448832184,0.75,0.75,0.9102448397350028,0.16723795734490102,0.04391561590461993,0.40199676712962656,0.25287632548384514,0.5413659789181803,4.0,1.0,1.0,0.25
random,0.125,30.0,5,112,0.0,1.849469291208242e-05,0.06784811075880551,1.0,1.0,1.0,0.0671334813123887,0.1284928743873119,0.0671334813123887,0.1284928743873119,0.2721285530915327,4.0,0.0,0.0,0.0
random,0.125,30.0,6,112,0.0,5.066880551121564e-05,0.0885974241432365,1.0,1.0,1.0,0.13210360447324995,0.10575339127760523,0.13210360447324995,0.10575339127760523,0.2752449149068903,4.0,0.0,0.0,0.0
random,0.125,30.0,7,112,0.0,4.300136955714583e-05,0.13750131509849714,1.0,1.0,1.0,0.12280791631311364,0.04851286471988621,0.12280791631311364,0.04851286471988621,0.19033142979391926,4.0,0.0,0.0,0.0
random,0.125,30.0,8,112,0.0,8.043185009752039e-05,0.18566912069746894,0.75,0.75,0.9953904757936571,0.24052768376785355,0.03383637349124112,0.42896989986949713,0.2517114918478675,0.5749545976783045,4.0,1.0,1.0,0.25
random,0.125,30.0,9,112,0.0,3.519573360496523e-05,0.14892539213557893,0.75,0.75,0.9760856518012107,0.23818861990120577,0.09699298604925716,0.4279899110818277,0.2637342023838841,0.5948680606337642,4.0,1.0,1.0,0.25
random,0.125,30.0,10,112,0.0,2.0369924489498567e-05,0.08166057287560487,1.0,1.0,1.0,0.13364747694613544,0.07697774536826557,0.13364747694613544,0.07697774536826557,0.23549168601894768,4.0,0.0,0.0,0.0
random,0.125,30.0,11,112,0.0,1.6109656913324472e-05,0.12733674150427168,0.25,0.25,0.49356877993321646,0.21479157544476601,0.08187802165165081,0.6583379490964433,0.43494367751169466,0.732829691446798,4.0,3.0,3.0,0.75
random,0.125,30.0,12,112,0.0,4.8217485715491024e-05,0.07488572211141808,0.5,0.5,0.8919369422153388,0.08211504813709605,0.08416155162646577,0.5334992413914745,0.3585269632623007,0.5809174248900978,4.0,2.0,2.0,0.5
random,0.125,30.0,13,112,0.0,4.299921176933192e-05,0.10923661901243917,0.5,0.5,0.9304624903604517,0.14948058996159228,0.0737600291341052,0.5407607820354883,0.3573797293481151,0.5499536020619719,4.0,2.0,2.0,0.5
random,0.125,30.0,14,112,0.0,4.920143355819722e-05,0.18036375455039833,0.5,0.5,0.22644424535890217,0.20746130140561486,0.047979772266783134,0.5502454868424235,0.35517746166302017,0.5689131551244493,4.0,2.0,2.0,0.5
random,0.125,30.0,15,112,0.0,2.0792800730283152e-05,0.09778805197719842,1.0,1.0,1.0,0.14815318143239722,0.12193812424948648,0.14815318143239722,0.12193812424948648,0.3138418681675445,4.0,0.0,0.0,0.0
random,0.125,30.0,16,112,0.0,3.315981751271604e-05,0.2269798141980425,0.75,0.75,0.8288555025997217,0.13464103940049396,0.10458465720270285,0.39271001657474186,0.265901227698661,0.5540620881764196,4.0,1.0,1.0,0.25
random,0.125,30.0,17,112,0.0,5.166829076467345e-05,0.07274325051986787,0.5,0.5,0.3042722616993698,0.16135228559191656,0.17173501630807,0.5424640817905529,0.3738267752758843,0.592179481017466,4.0,2.0,2.0,0.5
random,0.125,30.0,18,112,0.0,4.854166871560968e-05,0.13128116588977637,1.0,1.0,1.0,0.23835272797363957,0.08402155440546287,0.23835272797363957,0.08402155440546287,0.3594963675738568,4.0,0.0,0.0,0.0
random,0.125,30.0,19,112,0.0,3.452440999740178e-05,0.11904656103451171,1.0,1.0,1.0,0.1594198305585232,0.10284662721487921,0.1594198305585232,0.10284662721487921,0.29578940561488815,4.0,0.0,0.0,0.0
random,0.125,30.0,20,112,0.0,5.942173317415499e-05,0.23193955910965325,0.75,0.75,0.9035434581531123,0.18574381295456163,0.07140996710265518,0.40804481743820054,0.25753550736005654,0.5579419046274792,4.0,1.0,1.0,0.25
random,0.125,30.0,21,112,0.0,2.6292576065652572e-05,0.14261217041147053,0.75,0.75,0.9636772403440261,0.16857358458654081,0.0859867898174496,0.40241494761659474,0.2608549328982159,0.5568398231357067,4.0,1.0,1.0,0.25
random,0.125,30.0,22,112,0.0,4.72836501545879e-05,0.0868864389105699,0.75,0.75,0.9503274588866641,0.14720589500485273,0.06652310368882831,0.39607724201616884,0.25655212432037267,0.5405263521224074,4.0,1.0,1.0,0.25
random,0.125,30.0,23,112,0.0,0.00016069022065046544,0.24648238614830606,0.5,0.5,0.6359273709765051,0.4969712695294177,0.14694829176123972,0.6361919689597163,0.3685063096146024,0.7435157649825594,4.0,2.0,2.0,0.5
random,0.125,30.0,24,112,0.0,2.554624714871562e-05,0.19141846432190165,0.75,0.75,0.902253450806017,0.16327557223607575,0.1309174303197858,0.4007732330966771,0.2745077961937547,0.5804854324930402,4.0,1.0,1.0,0.25
random,0.125,30.0,25,112,0.0,3.0528980721714264e-05,0.09948321012094916,0.75,0.75,0.9952709340248047,0.15354452712433792,0.07493388352280236,0.39787804834820606,0.25828533673992543,0.5461500005607821,4.0,1.0,1.0,0.25
random,0.125,30.0,26,112,0.0,5.859352049685891e-05,0.12221454662172858,0.75,0.75,0.9640964425749168,0.18432147858339804,0.06965757604568436,0.4075607998819042,0.2571752970746223,0.5566468751892063,4.0,1.0,1.0,0.25
random,0.125,30.0,27,112,0.0,4.809350444564956e-05,0.19031440370130584,0.75,0.75,0.9532631959689923,0.16706520564417435,0.0653413891288876,0.40194289047412907,0.2563242533393388,0.5477434332323103,4.0,1.0,1.0,0.25
random,0.125,30.0,28,112,0.0,2.0626090796760415e-05,0.15286899993803274,0.75,0.75,0.9528273090815385,0.15222972571080937,0.0935587211411224,0.39749895225332504,0.262802065680945,0.554218568879948,4.0,1.0,1.0,0.25
random,0.125,30.0,29,112,0.0,3.5157148441556304e-05,0.20755357225284346,0.75,0.75,0.9327143418004985,0.2755201880031362,0.19097548345475615,0.444475567942674,0.29975611163174537,0.6786973339950916,4.0,1.0,1.0,0.25
random,0.125,30.0,30,112,0.0,7.203347137120543e-05,0.10973804577847314,1.0,1.0,1.0,0.18407764393331447,0.05870975380000303,0.18407764393331447,0.05870975380000303,0.27207828342876533,4.0,0.0,0.0,0.0
random,0.125,30.0,31,112,0.0,4.4401826576637544e-05,0.16543799257996053,0.5,0.5,0.93299445731116,0.16159012923758123,0.13278939619035782,0.5424994792011409,0.36580939281311503,0.7473126213504361,4.0,2.0,2.0,0.5
random,0.125,30.0,32,112,0.0,3.1099560793405645e-05,0.2542351050390214,0.75,0.75,0.9111571323534238,0.22953821007592334,0.17532915193812396,0.42443002063195767,0.29249826262647494,0.6422393020293686,4.0,1.0,1.0,0.25
random,0.125,30.0,33,112,0.0,9.312505497027974e-05,0.12297813786001936,0.75,0.75,0.9390695466220979,0.16133319773440605,0.027830216694507318,0.4001828338627317,0.2511590944420437,0.5357500323273299,4.0,1.0,1.0,0.25
random,0.125,30.0,34,112,0.0,3.560312475700574e-05,0.13169918786542031,0.75,0.75,0.9649424489025566,0.0978593240017241,0.14543068740114032,0.3844571958886396,0.2799331413542815,0.5711557151127911,4.0,1.0,1.0,0.25
random,0.125,30.0,35,112,0.0,9.648510191738299e-05,0.1705990864372576,1.0,1.0,1.0,0.16209618151425184,0.12102662174197507,0.16209618151425184,0.12102662174197507,0.32450144788478974,4.0,0.0,0.0,0.0
random,0.125,30.0,36,112,0.0,5.003448652239672e-05,0.10394042402875456,0.75,0.75,0.9281734609481469,0.10166135625881599,0.09063896778321537,0.38519640901400737,0.2620335223985761,0.5370533579179348,4.0,1.0,1.0,0.25
random,0.125,30.0,37,112,0.0,3.533705794629384e-05,0.146621887869671,0.75,0.75,0.974465773015788,0.2143879636618199,0.05804016823719392,0.4184455152374038,0.25500293301597793,0.5669117350503113,4.0,1.0,1.0,0.25
random,0.125,30.0,38,112,0.0,4.050630375155625e-05,0.05518425890437162,0.75,0.75,0.981169040449209,0.07817893112545676,0.09091027567711711,0.3810629330621639,0.2621040035325044,0.5319241440596835,4.0,1.0,1.0,0.25
random,0.125,30.0,39,112,0.0,3.888658951386284e-05,0.036937426112422136,0.75,0.75,0.9821515134141032,0.09389872450530665,0.021328002777139116,0.3837156862154486,0.25068139695008534,0.5129528357711681,4.0,1.0,1.0,0.25
random,0.125,30.0,40,112,0.0,4.7836183775702156e-05,0.07591240727806807,0.75,0.75,0.9829603079499221,0.09074202565856117,0.11929023024419463,0.38314564647854765,0.2705043793985316,0.5510619723672625,4.0,1.0,1.0,0.25
random,0.125,30.0,41,112,0.0,2.4213404523909487e-05,0.12690175758533961,0.75,0.75,0.9815062152061986,0.19882703991655043,0.0828840606557651,0.4126428768941531,0.26010060675263985,0.5686113713263824,4.0,1.0,1.0,0.25
random,0.125,30.0,42,112,0.0,5.193055541228536e-05,0.1900745988295476,0.75,0.75,0.9429351136149979,0.3058101176019494,0.05074480636369501,0.4590913536767912,0.2538331667250493,0.6183997171374067,4.0,1.0,1.0,0.25
random,0.125,30.0,43,112,0.0,1.7603062484152974e-05,0.16513139532827886,0.75,0.75,0.9310928743044925,0.17335676458840651,0.14273537792533275,0.4039361655898369,0.27889073323367286,0.5926130734067069,4.0,1.0,1.0,0.25
random,0.125,30.0,44,112,0.0,3.917338470285625e-05,0.21506783841783245,0.25,0.25,0.13967934954273664,0.14579234886134618,0.14897579186343002,0.6535968575862549,0.4393727877785947,0.7491200685660467,4.0,3.0,3.0,0.75
random,0.125,30.0,45,112,0.0,2.2327684481815653e-05,0.19455212666635396,0.75,0.75,0.9400706632210012,0.18393430847147516,0.12457139063908833,0.4074295919231442,0.2722839024333191,0.5845196322974179,4.0,1.0,1.0,0.25
random,0.125,30.0,46,112,0.0,1.275345349963035e-05,0.10258577909497765,0.75,0.75,0.9371960256043177,0.18100376919077063,0.04400286805675488,0.4064440593069965,0.2528877009621368,0.5472585401861553,4.0,1.0,1.0,0.25
random,0.125,30.0,47,112,0.0,3.1269823380665456e-05,0.09809642881337657,0.75,0.75,0.9461136786282547,0.134447825760211,0.09013214311133802,0.39266036646029867,0.2619023719182055,0.5463268558909817,4.0,1.0,1.0,0.25
random,0.125,30.0,48,112,0.0,2.972568982764227e-05,0.14744445547683122,1.0,1.0,1.0,0.23467580841993324,0.09944787943091934,0.23467580841993324,0.09944787943091934,0.3707648951019781,4.0,0.0,0.0,0.0
random,0.125,30.0,49,112,0.0,4.327523624386983e-05,0.12909452723228898,0.75,0.75,0.813621594491222,0.1773238358404436,0.19414886468785936,0.4052256248904756,0.301281158130887,0.6364010805472015,4.0,1.0,1.0,0.25
